Date,arabnews,cnbc,ei,ft,mees,oilprice
2021-01-04,0.5198394060134888,0.0,0.8899242877960205,-0.5692406892776489,0.0,0.0
2021-01-05,0.5198394060134888,0.0,0.8899242877960205,-0.5603207349777222,0.0,-0.5263956785202026
2021-01-06,0.5198394060134888,0.0,0.8899242877960205,-0.6547895073890686,0.0,-0.5263956785202026
2021-01-07,0.5198394060134888,0.8489164710044861,0.8899242877960205,0.6444261074066162,0.0,0.0
2021-01-08,0.5198394060134888,0.8489164710044861,0.8899242877960205,0.7643269896507263,-0.6264262199401855,0.7116971015930176
2021-01-09,0.5198394060134888,0.8489164710044861,0.8899242877960205,0.7643269896507263,-0.6264262199401855,0.7116971015930176
2021-01-10,0.5198394060134888,0.0,0.8899242877960205,0.0,-0.6264262199401855,0.7116971015930176
2021-01-11,0.5198394060134888,0.7509977221488953,0.8899242877960205,0.0,-0.6264262199401855,0.7116971015930176
2021-01-12,0.5198394060134888,-0.5300791263580322,0.8899242877960205,-0.6302886605262756,-0.6264262199401855,0.0
2021-01-13,0.5198394060134888,0.0,0.8899242877960205,0.5156733393669128,-0.6264262199401855,0.0
2021-01-14,0.5198394060134888,0.0,0.8899242877960205,0.0,-0.6264262199401855,0.0
2021-01-15,0.5198394060134888,-0.5063966512680054,0.8899242877960205,-0.7145299911499023,0.0,0.0
2021-01-16,0.0,0.0,0.8899242877960205,-0.7145299911499023,0.0,0.0
2021-01-17,0.0,0.0,0.8899242877960205,-0.7145299911499023,0.0,0.0
2021-01-18,0.0,0.0,0.8899242877960205,0.0,0.0,-0.5291797518730164
2021-01-19,0.0,0.7056997418403625,0.8899242877960205,-0.6056153178215027,0.0,0.5974604487419128
2021-01-20,0.0,0.7839847803115845,0.8899242877960205,0.0,0.0,0.6930123567581177
2021-01-21,0.0,-0.7271751761436462,0.8899242877960205,0.8973374962806702,0.0,0.6930123567581177
2021-01-22,0.0,-0.5709795951843262,0.8899242877960205,0.0,0.0,0.6930123567581177
2021-01-23,0.0,-0.5709795951843262,0.8899242877960205,0.0,0.0,0.6930123567581177
2021-01-24,0.0,0.7222390174865723,0.8899242877960205,-0.8489902019500732,0.0,0.6930123567581177
2021-01-25,0.0,-0.7089930772781372,0.8899242877960205,-0.6226416230201721,0.0,0.0
2021-01-26,0.0,0.0,0.8899242877960205,0.0,0.0,0.0
2021-01-27,0.0,-0.5966060161590576,0.8899242877960205,0.0,0.0,0.0
2021-01-28,0.0,-0.7238398194313049,0.0,0.5463024973869324,0.0,0.0
2021-01-29,0.0,-0.7238398194313049,0.0,-0.7940058708190918,0.0,0.0
2021-01-30,0.0,-0.7238398194313049,0.0,-0.7940058708190918,0.0,0.0
2021-01-31,0.0,0.0,0.0,0.0,0.0,0.0
2021-02-01,0.0,0.8575354218482971,0.0,0.0,0.0,0.0
2021-02-02,0.0,0.0,0.0,-0.802985668182373,0.0,0.0
2021-02-03,0.0,0.0,0.0,0.0,0.0,0.0
2021-02-04,0.0,0.8915215730667114,0.0,-0.5864719748497009,0.0,0.0
2021-02-05,0.0,0.0,0.0,-0.5864719748497009,-0.6255978941917419,0.5851907134056091
2021-02-06,0.0,0.0,0.0,-0.5864719748497009,-0.6255978941917419,0.5851907134056091
2021-02-07,0.0,0.8272508978843689,0.0,-0.746580183506012,-0.6255978941917419,0.5851907134056091
2021-02-08,0.0,0.0,0.0,0.0,-0.6255978941917419,0.5851907134056091
2021-02-09,0.0,0.0,0.0,0.0,-0.6255978941917419,0.0
2021-02-10,0.0,0.0,0.0,-0.5560534000396729,-0.6255978941917419,0.0
2021-02-11,0.0,-0.5340288281440735,0.0,-0.4825157523155212,-0.6255978941917419,0.0
2021-02-12,0.0,0.0,0.0,-0.6021639704704285,0.0,0.0
2021-02-13,0.0,0.0,0.0,0.0,0.0,0.0
2021-02-14,0.0,0.0,0.0,0.0,0.0,0.0
2021-02-15,0.0,0.0,0.0,-0.6743366122245789,0.0,0.0
2021-02-16,0.0,0.0,0.0,0.0,0.0,0.6445049047470093
2021-02-17,0.0,-0.7563945651054382,0.0,-0.7279757261276245,0.0,0.609042227268219
2021-02-18,0.0,-0.5340941548347473,0.0,-0.784980833530426,0.0,-0.7404273748397827
2021-02-19,0.0,0.0,0.0,-0.7790547013282776,-0.5558211207389832,0.0
2021-02-20,0.0,0.0,0.0,0.0,-0.5558211207389832,0.0
2021-02-21,0.0,0.0,0.0,0.0,-0.5558211207389832,0.0
2021-02-22,0.0,0.0,0.0,-0.5043932199478149,-0.5558211207389832,0.0
2021-02-23,0.0,0.0,0.0,-0.735367476940155,-0.5558211207389832,0.0
2021-02-24,0.0,0.0,0.0,0.0,-0.5558211207389832,0.0
2021-02-25,0.0,0.0,0.0,-0.534887433052063,-0.5558211207389832,0.0
2021-02-26,0.0,0.0,0.0,-0.7801347970962524,0.0,0.0
2021-02-27,0.0,0.0,0.0,0.0,0.0,0.0
2021-02-28,0.0,0.0,0.0,0.0,0.0,0.0
2021-03-01,0.0,0.0,0.0,0.0,0.0,0.0
2021-03-02,0.0,0.0,0.0,0.0,0.0,-0.5334384441375732
2021-03-03,0.0,-0.7260974049568176,0.0,0.0,0.0,0.0
2021-03-04,0.7084296345710754,0.0,0.0,0.0,0.0,0.0
2021-03-05,0.7084296345710754,0.0,0.0,0.0,0.0,0.0
2021-03-06,0.7084296345710754,0.0,0.0,0.0,0.0,0.0
2021-03-07,0.7084296345710754,0.0,0.0,0.0,0.0,0.0
2021-03-08,0.7084296345710754,0.0,0.0,0.0,0.0,-0.5151990056037903
2021-03-09,0.0,0.0,0.0,0.0,0.0,0.0
2021-03-10,0.0,0.5844156742095947,0.0,0.5079858899116516,0.0,0.0
2021-03-11,0.0,0.0,0.0,0.0,0.0,0.0
2021-03-12,0.0,0.0,0.0,0.0,0.0,0.0
2021-03-13,0.0,0.0,0.0,0.0,0.0,0.0
2021-03-14,0.0,0.6325564384460449,0.0,0.0,0.0,0.0
2021-03-15,0.0,0.0,0.0,0.0,0.0,0.0
2021-03-16,0.0,0.0,0.0,-0.7146157026290894,0.0,-0.665263295173645
2021-03-17,0.0,0.0,0.0,0.0,0.0,-0.665263295173645
2021-03-18,0.0,-0.8135235905647278,0.0,0.0,0.0,-0.6487743258476257
2021-03-19,0.0,0.0,0.0,-0.6989400386810303,0.0,-0.6487743258476257
2021-03-20,0.0,0.0,0.0,0.0,0.0,0.0
2021-03-21,0.6557431817054749,0.0,0.0,0.0,0.0,0.0
2021-03-22,0.0,-0.7006233930587769,0.0,-0.5960140228271484,0.0,0.0
2021-03-23,0.0,-0.6206763386726379,0.0,0.0,0.0,-0.587712287902832
2021-03-24,0.0,-0.7471066117286682,0.0,-0.7498173713684082,0.0,-0.587712287902832
2021-03-25,0.0,0.0,0.0,0.0,0.0,-0.7841736078262329
2021-03-26,0.0,-0.7159023880958557,0.0,0.0,-0.5481476187705994,-0.7841736078262329
2021-03-27,0.0,0.0,0.0,-0.5813491344451904,-0.5481476187705994,-0.7841736078262329
2021-03-28,0.0,0.0,0.0,-0.8167439699172974,-0.5481476187705994,-0.7841736078262329
2021-03-29,0.0,-0.5730317234992981,0.0,0.0,-0.5481476187705994,-0.6359798908233643
2021-03-30,0.0,-0.674087405204773,0.0,0.0,-0.5481476187705994,0.0
2021-03-31,0.0,0.647598922252655,0.0,0.0,-0.5481476187705994,0.0
2021-04-01,0.0,0.0,0.0,0.0,-0.5481476187705994,0.0
2021-04-02,0.0,0.0,0.0,0.0,0.0,0.0
2021-04-03,0.0,0.0,0.0,0.0,0.0,0.0
2021-04-04,0.0,-0.796788215637207,0.0,0.0,0.0,0.0
2021-04-05,0.0,0.0,0.0,0.0,0.0,-0.646450400352478
2021-04-06,0.0,0.0,0.0,0.0,0.0,0.8316522240638733
2021-04-07,0.0,0.7573323249816895,0.0,0.0,0.0,0.8316522240638733
2021-04-08,0.0,-0.7359464168548584,0.0,0.0,0.0,0.8316522240638733
2021-04-09,0.0,-0.7359464168548584,0.0,0.0,0.0,-0.586661159992218
2021-04-10,0.0,-0.7359464168548584,0.0,0.0,0.0,-0.586661159992218
2021-04-11,0.0,0.0,0.0,0.0,0.0,-0.586661159992218
2021-04-12,0.0,0.0,0.0,-0.8127457499504089,0.0,0.0
2021-04-13,0.0,0.722726583480835,0.0,0.0,0.0,-0.6449822187423706
2021-04-14,0.0,0.0,0.0,0.5449116826057434,0.0,-0.6449822187423706
2021-04-15,0.0,0.0,0.0,-0.7991799116134644,0.0,-0.5482960343360901
2021-04-16,0.0,0.9112440943717957,0.0,0.0,0.0,-0.5482960343360901
2021-04-17,0.0,0.9112440943717957,0.0,0.0,0.0,-0.5482960343360901
2021-04-18,0.0,0.0,0.0,0.0,0.0,-0.5482960343360901
2021-04-19,-0.7926605939865112,0.0,0.0,0.0,0.0,0.0
2021-04-20,-0.7926605939865112,-0.6127430200576782,0.0,0.0,0.0,0.0
2021-04-21,-0.7926605939865112,0.0,0.0,0.0,0.0,0.0
2021-04-22,-0.7926605939865112,0.0,0.0,0.0,0.0,0.0
2021-04-23,-0.7926605939865112,0.0,0.0,0.0,0.0,0.0
2021-04-24,-0.7926605939865112,0.0,0.0,0.0,0.0,0.0
2021-04-25,-0.7926605939865112,0.0,0.0,-0.6197080016136169,0.0,0.0
2021-04-26,-0.7926605939865112,0.0,0.0,0.0,0.0,0.0
2021-04-27,-0.7926605939865112,0.0,0.0,-0.7103495597839355,0.0,0.0
2021-04-28,-0.7926605939865112,0.0,0.0,0.0,0.0,-0.6275244951248169
2021-04-29,0.0,0.0,0.0,0.0,0.0,0.0
2021-04-30,0.0,0.0,0.0,0.0,0.0,0.0
2021-05-01,0.0,0.0,0.0,0.0,0.0,0.0
2021-05-02,0.0,0.0,0.0,0.0,0.0,0.0
2021-05-03,0.0,0.5226724147796631,0.0,0.0,0.0,0.0
2021-05-04,0.0,0.0,0.0,0.0,0.0,0.0
2021-05-05,0.0,0.0,0.0,0.0,0.0,0.0
2021-05-06,0.0,0.0,0.0,0.0,0.0,0.0
2021-05-07,0.0,0.8246856331825256,0.0,0.0,0.0,0.0
2021-05-08,0.0,-0.8051872849464417,0.0,-0.7858178019523621,0.0,0.0
2021-05-09,0.0,0.0,0.0,-0.7858178019523621,0.0,0.0
2021-05-10,0.0,-0.7732834219932556,0.0,0.0,0.0,0.0
2021-05-11,0.0,-0.7123922109603882,0.0,0.0,0.0,0.0
2021-05-12,0.0,0.0,0.0,-0.5950044989585876,0.0,-0.6304921507835388
2021-05-13,0.0,-0.6534886956214905,0.0,0.0,0.0,-0.6114034652709961
2021-05-14,0.0,-0.6534886956214905,0.0,-0.7913199067115784,-0.6148611903190613,-0.5577422380447388
2021-05-15,0.0,-0.6534886956214905,0.0,-0.7913199067115784,-0.6148611903190613,-0.5577422380447388
2021-05-16,0.0,0.0,0.0,0.0,-0.6148611903190613,-0.5577422380447388
2021-05-17,0.0,0.804196298122406,0.0,0.0,-0.6148611903190613,-0.5577422380447388
2021-05-18,0.0,-0.6856640577316284,0.0,0.5952152013778687,-0.6148611903190613,0.0
2021-05-19,0.0,0.0,0.0,-0.5194223523139954,-0.6148611903190613,0.0
2021-05-20,0.0,0.0,0.0,0.0,-0.6148611903190613,-0.6568362712860107
2021-05-21,0.0,0.0,0.0,-0.6001505851745605,0.0,-0.6568362712860107
2021-05-22,0.0,0.0,0.0,-0.6001505851745605,0.0,-0.6568362712860107
2021-05-23,0.0,0.0,-0.6520555019378662,0.0,0.0,-0.6568362712860107
2021-05-24,0.0,0.0,-0.6520555019378662,-0.7848942279815674,0.0,0.0
2021-05-25,0.0,0.58900386095047,-0.6520555019378662,-0.7848942279815674,0.0,0.0
2021-05-26,0.0,0.9040277004241944,-0.6520555019378662,0.0,0.0,0.0
2021-05-27,0.0,0.0,-0.6520555019378662,-0.77841717004776,0.0,0.0
2021-05-28,0.0,0.0,-0.6520555019378662,0.0,0.0,0.0
2021-05-29,0.0,0.0,-0.6520555019378662,0.0,0.0,0.0
2021-05-30,0.0,0.0,-0.6520555019378662,0.0,0.0,0.0
2021-05-31,0.0,0.0,-0.6520555019378662,0.0,0.0,-0.768165647983551
2021-06-01,0.0,0.8375099897384644,0.0,0.0,0.0,0.0
2021-06-02,0.0,0.0,0.0,0.0,0.0,0.6866863369941711
2021-06-03,0.0,0.0,0.0,0.5331286787986755,0.0,0.0
2021-06-04,0.0,0.6421586871147156,0.0,0.0,0.0,0.0
2021-06-05,0.6552682518959045,0.6421586871147156,0.0,0.0,0.0,0.0
2021-06-06,0.6552682518959045,0.0,0.0,0.0,0.0,0.0
2021-06-07,0.6552682518959045,0.0,0.0,0.0,0.0,0.0
2021-06-08,0.6552682518959045,0.0,0.0,-0.560093879699707,0.0,0.0
2021-06-09,0.4903442859649658,0.0,0.0,0.0,0.0,0.0
2021-06-10,0.4903442859649658,0.608647346496582,0.0,0.0,0.0,-0.6533875465393066
2021-06-11,0.4903442859649658,0.8402513265609741,0.0,0.0,0.0,0.0
2021-06-12,0.4903442859649658,0.8402513265609741,0.0,0.0,0.0,0.0
2021-06-13,0.4903442859649658,0.0,0.0,0.0,0.0,0.0
2021-06-14,0.6766491532325745,0.0,0.0,0.0,0.0,0.0
2021-06-15,0.6766491532325745,-0.523978590965271,0.0,0.0,0.0,0.0
2021-06-16,0.6766491532325745,0.0,0.0,0.0,0.0,0.0
2021-06-17,0.6766491532325745,0.0,0.0,0.0,0.0,-0.5629898309707642
2021-06-18,0.6766491532325745,0.9075859189033508,0.0,0.0,0.0,0.0
2021-06-19,0.6766491532325745,0.9075859189033508,0.0,-0.5617683529853821,0.0,0.0
2021-06-20,0.6766491532325745,0.0,0.0,0.0,0.0,0.0
2021-06-21,0.6766491532325745,0.6061679720878601,0.0,0.0,0.0,0.0
2021-06-22,0.0,0.7414423823356628,0.0,0.0,0.0,0.0
2021-06-23,0.0,0.0,0.0,0.0,0.0,0.0
2021-06-24,0.0,0.8161035180091858,0.0,0.0,0.0,0.0
2021-06-25,0.0,0.0,0.0,0.0,0.0,0.0
2021-06-26,0.0,0.0,0.0,0.0,0.0,0.0
2021-06-27,0.0,0.0,0.0,-0.5621030330657959,0.0,0.0
2021-06-28,0.0,0.0,0.0,-0.5622654557228088,0.0,0.0
2021-06-29,0.0,0.0,0.0,-0.7314597368240356,0.0,0.0
2021-06-30,0.0,-0.6153181195259094,0.0,0.0,0.0,0.0
2021-07-01,0.0,0.0,0.0,-0.7936685681343079,0.0,0.0
2021-07-02,0.0,-0.5175309181213379,0.0,0.0,0.0,-0.7205943465232849
2021-07-03,0.0,-0.5175309181213379,0.0,0.0,0.0,-0.7205943465232849
2021-07-04,0.0,-0.5970818996429443,0.0,0.0,0.0,-0.7205943465232849
2021-07-05,0.0,-0.5447198152542114,0.0,0.0,0.0,-0.6065679788589478
2021-07-06,0.0,0.0,0.0,-0.5803210735321045,0.0,0.0
2021-07-07,0.0,0.0,0.0,-0.5715710520744324,0.0,0.0
2021-07-08,0.0,-0.8200225830078125,0.0,-0.6733458042144775,0.0,-0.8432422280311584
2021-07-09,0.0,-0.8200225830078125,0.0,-0.6733458042144775,0.0,0.0
2021-07-10,0.0,-0.8200225830078125,0.0,0.0,0.0,0.0
2021-07-11,0.0,0.0,0.0,0.0,0.0,0.0
2021-07-12,0.0,0.7076821327209473,0.0,-0.537682294845581,0.0,-0.7840068340301514
2021-07-13,0.0,-0.7982816100120544,0.0,0.0,0.0,-0.7840068340301514
2021-07-14,0.0,0.0,0.0,0.0,0.0,0.0
2021-07-15,0.0,0.0,0.0,0.0,0.0,0.0
2021-07-16,0.0,0.0,0.0,0.0,0.0,-0.8360394835472107
2021-07-17,0.0,0.0,0.0,0.0,0.0,-0.8360394835472107
2021-07-18,0.0,-0.8270294070243835,0.0,0.0,0.0,-0.8360394835472107
2021-07-19,0.0,-0.5124406814575195,0.0,0.0,0.0,0.0
2021-07-20,0.0,0.0,0.0,0.0,0.0,0.0
2021-07-21,0.0,0.0,0.0,-0.7398309707641602,0.0,-0.7089084982872009
2021-07-22,0.0,0.0,0.0,0.5852786302566528,0.0,-0.7089084982872009
2021-07-23,0.0,0.0,0.0,0.0,0.0,-0.7089084982872009
2021-07-24,0.0,0.0,0.0,0.0,0.0,-0.7089084982872009
2021-07-25,0.0,-0.6061391234397888,0.0,0.0,0.0,-0.7089084982872009
2021-07-26,-0.6088939905166626,-0.519271731376648,0.0,0.0,0.0,-0.6981022953987122
2021-07-27,0.0,0.0,0.0,-0.7712870836257935,0.0,-0.6981022953987122
2021-07-28,0.0,0.7040258646011353,0.5587360858917236,-0.7712870836257935,0.0,-0.6981022953987122
2021-07-29,0.0,0.0,0.5587360858917236,0.0,0.0,-0.6981022953987122
2021-07-30,0.0,0.6645947694778442,0.5587360858917236,-0.651542067527771,0.6186919808387756,0.0
2021-07-31,0.0,0.6645947694778442,0.5587360858917236,-0.651542067527771,0.6186919808387756,0.0
2021-08-01,0.0,0.0,-0.8271901607513428,-0.6925439834594727,0.6186919808387756,0.0
2021-08-02,0.0,-0.5827711820602417,0.0,0.0,0.6186919808387756,-0.8378069400787354
2021-08-03,0.0,0.0,0.0,0.0,0.6186919808387756,0.0
2021-08-04,0.0,-0.580930233001709,0.0,0.0,0.6186919808387756,-0.7412827610969543
2021-08-05,0.0,0.0,0.0,-0.777947723865509,0.6186919808387756,0.0
2021-08-06,0.0,0.8177390694618225,0.0,-0.777947723865509,0.0,-0.8591232895851135
2021-08-07,0.0,0.8177390694618225,0.0,-0.777947723865509,0.0,-0.8591232895851135
2021-08-08,0.8102124929428101,-0.5785444974899292,0.0,0.0,0.0,-0.8591232895851135
2021-08-09,0.8102124929428101,0.6400608420372009,0.0,-0.5824674963951111,0.0,0.6439721584320068
2021-08-10,0.8102124929428101,0.0,0.0,0.0,0.0,0.0
2021-08-11,0.8102124929428101,0.0,0.0,0.0,0.0,0.0
2021-08-12,0.8102124929428101,-0.6766214370727539,0.0,-0.5920833349227905,0.0,0.0
2021-08-13,0.8102124929428101,0.0,0.0,-0.5920833349227905,0.0,0.0
2021-08-14,0.8102124929428101,0.0,0.0,-0.5920833349227905,0.0,0.0
2021-08-15,0.8102124929428101,-0.5762701034545898,0.0,-0.8630141615867615,0.0,0.0
2021-08-16,0.8102124929428101,-0.659058153629303,0.0,0.0,0.0,-0.7698043584823608
2021-08-17,0.8102124929428101,-0.498369961977005,-0.7184343338012695,0.0,0.0,-0.6932576894760132
2021-08-18,0.8102124929428101,-0.6624398827552795,-0.7184343338012695,0.8000917434692383,0.0,0.0
2021-08-19,0.8102124929428101,-0.7870776057243347,0.0,0.8000917434692383,0.0,-0.7110129594802856
2021-08-20,0.8102124929428101,-0.7870776057243347,0.0,0.8000917434692383,0.0,-0.5942012071609497
2021-08-21,0.8102124929428101,-0.7870776057243347,0.0,0.8000917434692383,0.0,-0.5942012071609497
2021-08-22,0.8102124929428101,0.0,0.0,0.0,0.0,-0.5942012071609497
2021-08-23,0.8102124929428101,0.6542783975601196,0.0,-0.5838853716850281,0.0,-0.5942012071609497
2021-08-24,0.8102124929428101,0.7723248600959778,0.0,-0.7390394806861877,0.0,0.0
2021-08-25,0.8102124929428101,-0.660099983215332,0.0,-0.7390394806861877,0.0,0.0
2021-08-26,0.8102124929428101,0.9244883060455322,-0.5226261615753174,0.0,0.0,0.0
2021-08-27,0.0,0.0,-0.5226261615753174,0.0,0.0,0.0
2021-08-28,0.0,-0.6487224698066711,-0.5226261615753174,0.0,0.0,0.0
2021-08-29,0.0,0.0,-0.5226261615753174,0.0,0.0,0.0
2021-08-30,0.0,0.0,0.0,0.0,0.0,0.0
2021-08-31,0.0,-0.6596395969390869,0.0,-0.5039596557617188,0.0,0.0
2021-09-01,0.0,0.0,-0.7025505900382996,0.0,0.0,0.0
2021-09-02,0.0,0.0,-0.7025505900382996,-0.7489925622940063,0.0,0.0
2021-09-03,0.0,0.0,-0.7025505900382996,-0.7489925622940063,0.0,0.0
2021-09-04,0.0,0.0,-0.7025505900382996,0.0,0.0,0.0
2021-09-05,0.0,-0.6674288511276245,0.0,0.0,0.0,0.0
2021-09-06,0.0,0.6228917837142944,0.0,0.0,0.0,0.0
2021-09-07,0.0,0.0,-0.6139872670173645,0.0,0.0,0.0
2021-09-08,0.0,-0.6604476571083069,0.0,0.0,0.0,0.0
2021-09-09,0.0,0.0,0.0,-0.7253604531288147,0.0,-0.731456458568573
2021-09-10,0.0,0.0,-0.5185947418212891,0.0,0.0,0.0
2021-09-11,0.0,0.0,-0.5185947418212891,0.0,0.0,0.0
2021-09-12,-0.6069067120552063,0.0,-0.5185947418212891,0.0,0.0,0.0
2021-09-13,0.0,0.0,0.5006561875343323,-0.8150946497917175,0.0,0.0
2021-09-14,0.0,-0.753963053226471,0.0,0.0,0.0,0.0
2021-09-15,0.0,0.0,0.0,0.0,0.0,0.0
2021-09-16,0.0,-0.6289015412330627,-0.565791130065918,-0.6790314316749573,0.0,0.0
2021-09-17,0.0,0.0,0.0,-0.6790314316749573,0.0,0.0
2021-09-18,0.0,0.0,0.0,0.0,0.0,0.0
2021-09-19,0.0,-0.8291007280349731,0.0,0.0,0.0,0.0
2021-09-20,0.0,0.0,0.0,0.0,0.0,0.0
2021-09-21,0.0,0.0,0.0,0.0,0.0,0.0
2021-09-22,0.0,0.0,0.0,-0.769433856010437,0.0,0.0
2021-09-23,0.0,0.0,0.0,0.0,0.0,0.0
2021-09-24,0.0,0.9381164312362672,0.0,-0.8735761046409607,0.0,0.0
2021-09-25,0.5747491717338562,0.9381164312362672,0.0,-0.8735761046409607,0.0,0.0
2021-09-26,0.5747491717338562,0.0,0.0,0.0,0.0,0.0
2021-09-27,0.0,0.0,-0.6664422154426575,-0.753605842590332,0.0,0.0
2021-09-28,0.0,0.0,0.0,0.0,0.0,0.0
2021-09-29,0.0,-0.519321858882904,-0.5721278786659241,0.0,0.0,0.0
2021-09-30,0.0,0.0,0.0,-0.827589750289917,0.0,0.0
2021-10-01,0.0,0.9160155057907104,0.0,0.0,0.0,-0.6943090558052063
2021-10-02,0.0,0.9160155057907104,0.0,0.0,0.0,-0.6943090558052063
2021-10-03,0.0,-0.5333472490310669,0.0,-0.64812171459198,0.0,-0.6943090558052063
2021-10-04,0.0,-0.500819742679596,0.0,-0.52066570520401,0.0,-0.6943090558052063
2021-10-05,0.0,0.0,0.0,-0.5358958840370178,0.0,0.0
2021-10-06,0.0,0.7277106642723083,0.0,0.0,0.0,0.0
2021-10-07,0.0,0.0,-0.6913655996322632,0.0,0.0,-0.5263046622276306
2021-10-08,0.0,0.5415884852409363,0.0,0.0,0.0,0.0
2021-10-09,0.0,0.0,0.0,0.0,0.0,0.0
2021-10-10,0.0,0.6609769463539124,0.0,-0.7055339217185974,0.0,0.0
2021-10-11,0.0,0.0,0.0,0.0,0.0,0.0
2021-10-12,0.0,0.0,0.0,0.0,0.0,0.0
2021-10-13,0.0,0.5518091320991516,0.0,-0.5639693737030029,0.0,0.0
2021-10-14,0.0,0.0,0.0,0.0,0.0,0.0
2021-10-15,-0.8485192656517029,0.8104451298713684,0.0,0.0,0.0,0.541241466999054
2021-10-16,0.0,0.8104451298713684,0.0,0.0,0.0,0.541241466999054
2021-10-17,0.0,-0.579556405544281,0.0,0.0,0.0,0.541241466999054
2021-10-18,0.0,0.0,0.0,-0.6535367369651794,0.0,0.0
2021-10-19,0.0,0.6847478151321411,0.0,0.0,0.0,0.0
2021-10-20,0.0,-0.5812039971351624,0.0,0.0,0.0,-0.5415398478507996
2021-10-21,0.0,0.0,0.0,0.0,0.0,0.0
2021-10-22,0.0,0.0,0.0,-0.6397807598114014,0.0,0.0
2021-10-23,0.0,0.0,0.0,0.0,0.0,0.0
2021-10-24,0.0,0.0,0.0,0.0,0.0,0.0
2021-10-25,0.0,0.0,0.0,0.0,0.0,0.0
2021-10-26,0.0,-0.497164636850357,0.0,0.694028913974762,0.0,-0.6171523332595825
2021-10-27,0.0,-0.6227767467498779,0.0,-0.5151140689849854,0.0,-0.6171523332595825
2021-10-28,0.0,0.0,0.0,-0.7650346755981445,0.0,-0.5800763964653015
2021-10-29,0.0,0.8587679266929626,0.0,-0.5706814527511597,0.5295708179473877,-0.5800763964653015
2021-10-30,0.0,0.8587679266929626,0.0,-0.5706814527511597,0.5295708179473877,-0.5800763964653015
2021-10-31,0.699194073677063,0.0,0.0,-0.5239213109016418,0.5295708179473877,-0.5800763964653015
2021-11-01,-0.760637640953064,0.0,0.0,0.0,0.5295708179473877,0.0
2021-11-02,0.0,0.0,0.0,0.0,0.5295708179473877,0.0
2021-11-03,0.0,0.0,0.0,0.0,0.5295708179473877,0.0
2021-11-04,0.0,0.0,0.0,-0.531012773513794,0.5295708179473877,0.0
2021-11-05,0.0,0.0,-0.5287490487098694,0.0,0.0,0.0
2021-11-06,0.0,0.0,-0.5287490487098694,-0.6867746710777283,0.0,0.0
2021-11-07,0.0,0.0,-0.5287490487098694,-0.5196754336357117,0.0,0.0
2021-11-08,0.0,0.6106100678443909,0.0,0.0,0.0,-0.6318479776382446
2021-11-09,0.0,-0.5116167664527893,-0.6343094706535339,-0.5364245176315308,0.0,0.0
2021-11-10,0.0,0.0,-0.8236232995986938,0.0,0.0,0.0
2021-11-11,0.0,0.0,0.0,-0.7318935394287109,0.0,0.0
2021-11-12,0.0,0.0,0.0,0.0,0.0,-0.6968948245048523
2021-11-13,0.0,0.0,0.0,0.0,0.0,-0.6968948245048523
2021-11-14,0.0,0.0,0.0,0.0,0.0,-0.6968948245048523
2021-11-15,0.0,0.0,0.0,0.0,0.0,-0.6968948245048523
2021-11-16,0.0,-0.4945278167724609,-0.5084469318389893,-0.688203752040863,0.0,0.0
2021-11-17,0.0,0.0,-0.520214855670929,0.0,0.0,0.0
2021-11-18,0.0,-0.7212309241294861,0.0,-0.525280773639679,0.0,-0.5632141828536987
2021-11-19,0.0,-0.7006104588508606,0.0,0.0,0.0,-0.5914907455444336
2021-11-20,0.0,-0.7006104588508606,0.0,0.0,0.0,-0.5914907455444336
2021-11-21,-0.5052911043167114,0.0,0.0,0.0,0.0,-0.5914907455444336
2021-11-22,0.0,-0.5121060013771057,0.0,-0.6566911935806274,0.0,-0.7565990686416626
2021-11-23,0.0,0.0,0.0,0.0,0.0,0.0
2021-11-24,-0.4890332221984863,0.0,0.0,0.0,0.0,0.0
2021-11-25,-0.4890332221984863,-0.8641621470451355,0.0,0.0,0.0,0.0
2021-11-26,-0.4890332221984863,-0.8607361316680908,0.0,-0.7072682976722717,0.0,0.0
2021-11-27,-0.4890332221984863,0.9672495126724244,0.0,-0.7072682976722717,0.0,0.0
2021-11-28,-0.4890332221984863,-0.7055604457855225,0.0,-0.7072682976722717,0.0,0.0
2021-11-29,0.0,0.0,0.0,0.8126047849655151,0.0,-0.6449995636940002
2021-11-30,0.0,0.0,-0.6584625244140625,-0.80152428150177,0.0,-0.6449995636940002
2021-12-01,0.0,0.0,0.0,0.0,0.0,0.0
2021-12-02,0.0,0.0,0.0,-0.6412336826324463,0.0,0.0
2021-12-03,0.0,0.0,0.0,-0.755651593208313,0.0,0.0
2021-12-04,0.0,0.0,0.0,-0.755651593208313,0.0,0.0
2021-12-05,0.0,0.0,0.0,0.0,0.0,0.0
2021-12-06,0.0,0.0,0.0,-0.7173362374305725,0.0,-0.5089548826217651
2021-12-07,0.0,0.0,0.0,0.0,0.0,0.0
2021-12-08,0.0,0.0,0.0,0.0,0.0,-0.5909522771835327
2021-12-09,0.0,0.0,-0.7156811356544495,0.0,0.0,0.0
2021-12-10,0.0,0.7372612953186035,0.0,0.0,0.0,-0.7824934124946594
2021-12-11,0.0,0.7372612953186035,0.0,0.0,0.0,-0.7824934124946594
2021-12-12,0.0,0.0,0.0,-0.7817067503929138,0.0,-0.7824934124946594
2021-12-13,0.0,-0.7153580784797668,-0.5188995599746704,0.0,0.0,0.0
2021-12-14,0.0,-0.712547779083252,0.0,-0.5932411551475525,0.0,0.0
2021-12-15,0.0,0.5102806687355042,0.0,-0.8310784101486206,0.0,0.0
2021-12-16,0.0,0.0,0.0,0.0,0.0,0.0
2021-12-17,0.0,0.0,0.0,0.0,0.5673957467079163,0.0
2021-12-18,0.0,0.0,0.0,0.0,0.5673957467079163,0.0
2021-12-19,0.0,-0.5907968282699585,0.0,0.0,0.5673957467079163,0.0
2021-12-20,0.0,-0.5378263592720032,-0.5201280117034912,-0.7028722167015076,0.5673957467079163,-0.7625113725662231
2021-12-21,0.0,0.0,-0.6453778147697449,-0.5517389178276062,0.5673957467079163,-0.7625113725662231
2021-12-22,0.0,0.0,0.0,-0.6658954620361328,0.5673957467079163,-0.7625113725662231
2021-12-23,0.0,0.0,0.0,0.0,0.5673957467079163,-0.7625113725662231
2021-12-24,0.0,0.0,0.0,0.0,-0.6456630825996399,0.0
2021-12-25,0.0,0.0,0.0,0.0,-0.6456630825996399,0.0
2021-12-26,0.0,0.0,0.0,0.0,-0.6456630825996399,0.0
2021-12-27,0.0,0.6470236778259277,-0.7167973518371582,0.0,-0.6456630825996399,-0.5860143303871155
2021-12-28,0.0,0.0,0.0,-0.669930100440979,-0.6456630825996399,-0.5860143303871155
2021-12-29,0.0,0.5704268217086792,0.0,0.0,-0.6456630825996399,0.0
2021-12-30,0.0,0.7652947306632996,-0.5005855560302734,-0.6999603509902954,-0.6456630825996399,0.0
2021-12-31,0.0,0.7652947306632996,-0.5005855560302734,-0.6999603509902954,-0.6456630825996399,0.0
2022-01-01,0.0,0.7652947306632996,-0.5005855560302734,-0.6999603509902954,-0.6456630825996399,0.0
2022-01-02,0.0,0.0,-0.5005855560302734,-0.6999603509902954,-0.6456630825996399,0.0
2022-01-03,0.7055251002311707,0.8662630319595337,0.0,-0.6999603509902954,-0.6456630825996399,0.0
2022-01-04,0.7055251002311707,0.0,0.0,0.0,-0.6456630825996399,0.0
2022-01-05,0.7055251002311707,-0.5061988830566406,0.0,0.0,-0.6456630825996399,0.0
2022-01-06,0.7055251002311707,0.0,0.0,0.0,-0.6456630825996399,-0.5443692803382874
2022-01-07,0.7055251002311707,0.0,0.0,0.0,0.0,-0.5443692803382874
2022-01-08,0.0,0.0,0.0,0.0,0.0,-0.5443692803382874
2022-01-09,0.0,-0.6348034143447876,0.0,0.0,0.0,-0.5443692803382874
2022-01-10,0.0,0.0,0.0,0.0,0.0,-0.8306430578231812
2022-01-11,0.0,0.0,0.0,0.0,0.0,0.0
2022-01-12,0.0,0.0,0.0,-0.6656510233879089,0.0,0.0
2022-01-13,0.0,0.0,0.0,-0.5434141159057617,0.0,0.0
2022-01-14,0.0,0.0,0.0,-0.5350959897041321,0.5247923135757446,0.0
2022-01-15,0.0,0.0,0.0,0.0,0.5247923135757446,0.0
2022-01-16,0.0,0.7224880456924438,0.0,0.0,0.5247923135757446,0.0
2022-01-17,0.0,-0.742131233215332,0.0,0.0,0.5247923135757446,0.0
2022-01-18,0.0,-0.5927879214286804,-0.6385624408721924,-0.7909111976623535,0.5247923135757446,0.0
2022-01-19,0.0,0.0,0.0,-0.7909111976623535,0.5247923135757446,0.0
2022-01-20,0.0,-0.5477085113525391,0.0,0.0,0.5247923135757446,0.0
2022-01-21,0.0,0.6303368806838989,-0.4921920299530029,0.0,0.0,0.0
2022-01-22,0.0,0.0,-0.4921920299530029,0.0,0.0,0.0
2022-01-23,0.0,0.0,-0.4921920299530029,0.0,0.0,0.0
2022-01-24,0.0,0.0,0.0,-0.71381014585495,0.0,-0.6218193769454956
2022-01-25,0.0,0.0,0.0,0.0,0.0,-0.6218193769454956
2022-01-26,0.0,-0.7039013504981995,0.0,0.0,0.0,0.0
2022-01-27,0.0,0.0,0.0,-0.7506922483444214,0.0,-0.5490120649337769
2022-01-28,0.0,0.0,0.0,0.0,0.0,0.0
2022-01-29,0.0,0.0,0.0,0.0,0.0,0.0
2022-01-30,0.0,0.0,0.0,0.0,0.0,0.0
2022-01-31,0.0,0.0,0.0,0.0,0.0,0.8407290577888489
2022-02-01,0.6645197868347168,0.0,0.0,0.74742591381073,0.0,0.8407290577888489
2022-02-02,0.6645197868347168,0.0,0.0,0.0,0.0,0.8407290577888489
2022-02-03,0.6645197868347168,0.0,0.0,0.0,0.0,0.8407290577888489
2022-02-04,0.6645197868347168,0.0,0.0,0.0,0.0,0.8407290577888489
2022-02-05,0.0,0.0,0.0,0.0,0.0,0.8407290577888489
2022-02-06,0.0,0.0,0.0,0.0,0.0,0.8407290577888489
2022-02-07,0.0,-0.5190669298171997,0.0,0.0,0.0,0.0
2022-02-08,0.0,0.0,-0.5911335945129395,0.0,0.0,0.0
2022-02-09,0.0,0.0,-0.5203786492347717,0.0,0.0,0.0
2022-02-10,0.0,0.0,0.0,-0.567084014415741,0.0,0.0
2022-02-11,0.0,0.0,0.0,0.0,0.0,0.0
2022-02-12,0.0,0.0,0.0,0.0,0.0,0.0
2022-02-13,0.0,-0.5220151543617249,0.0,0.0,0.0,0.0
2022-02-14,0.0,-0.6044119596481323,0.0,0.0,0.0,-0.601285994052887
2022-02-15,0.0,0.0,-0.7591791749000549,0.0,0.0,-0.601285994052887
2022-02-16,0.0,0.0,0.0,-0.6969171166419983,0.0,-0.601285994052887
2022-02-17,0.0,-0.5882444381713867,0.0,0.0,0.0,-0.601285994052887
2022-02-18,0.0,0.0,0.0,0.0,0.0,-0.601285994052887
2022-02-19,0.0,0.0,0.0,0.0,0.0,-0.601285994052887
2022-02-20,0.0,0.0,0.0,-0.5081285238265991,0.0,-0.601285994052887
2022-02-21,0.0,-0.7452971339225769,0.0,-0.759498655796051,0.0,-0.6929229497909546
2022-02-22,0.0,0.0,0.0,-0.657421350479126,0.0,-0.6929229497909546
2022-02-23,0.0,0.0,0.0,-0.7117604613304138,0.0,-0.6929229497909546
2022-02-24,0.0,-0.6414404511451721,0.0,-0.5382400155067444,0.0,-0.6487370729446411
2022-02-25,0.0,0.0,0.0,0.0,0.0,-0.7486106753349304
2022-02-26,0.0,0.0,0.0,0.0,0.0,-0.7486106753349304
2022-02-27,-0.5962610244750977,0.0,0.0,0.0,0.0,-0.7486106753349304
2022-02-28,-0.5962610244750977,0.0,-0.5226867198944092,-0.5239894390106201,0.0,-0.636072039604187
2022-03-01,-0.5962610244750977,0.0,0.0,0.0,0.0,0.0
2022-03-02,-0.5962610244750977,0.0,-0.5521040558815002,-0.59145587682724,0.0,-0.6448299884796143
2022-03-03,-0.5962610244750977,0.0,0.0,-0.5174649357795715,0.0,-0.5585079789161682
2022-03-04,0.0,0.0,0.0,0.0,0.0,0.0
2022-03-05,0.0,0.0,0.0,0.0,0.0,0.0
2022-03-06,0.0,-0.6560789942741394,0.0,0.0,0.0,0.0
2022-03-07,0.0,0.0,-0.734834611415863,0.0,0.0,0.0
2022-03-08,0.0,0.0,-0.6018151640892029,0.0,0.0,0.0
2022-03-09,0.0,0.0,0.0,-0.5008019804954529,0.0,0.0
2022-03-10,0.0,0.0,0.0,0.0,0.0,-0.8544076681137085
2022-03-11,-0.6029168367385864,0.0,0.0,-0.8392242789268494,0.0,-0.8544076681137085
2022-03-12,-0.5947110652923584,0.0,0.0,-0.7180928587913513,0.0,-0.8544076681137085
2022-03-13,0.0,-0.7371805906295776,0.0,-0.7585363984107971,0.0,-0.8544076681137085
2022-03-14,0.0,-0.6305853724479675,0.0,0.0,0.0,-0.6900586485862732
2022-03-15,0.0,0.0,0.0,0.0,0.0,-0.6900586485862732
2022-03-16,0.0,0.0,-0.5672831535339355,-0.5130186676979065,0.0,-0.6900586485862732
2022-03-17,0.0,0.0,0.0,0.5743288397789001,0.0,0.0
2022-03-18,0.0,0.0,0.0,-0.5080023407936096,0.0,0.0
2022-03-19,0.0,0.0,0.0,-0.6191284656524658,0.0,0.0
2022-03-20,0.0,-0.5377600789070129,0.0,0.0,0.0,0.0
2022-03-21,0.0,0.0,-0.68950355052948,0.0,0.0,0.0
2022-03-22,0.0,0.0,0.0,-0.7320499420166016,0.0,0.0
2022-03-23,0.0,0.6741548180580139,0.0,-0.7357054352760315,0.0,0.0
2022-03-24,0.0,0.0,0.0,0.0,0.0,0.0
2022-03-25,0.0,0.0,0.0,-0.7064536809921265,0.0,0.0
2022-03-26,0.0,-0.7977901101112366,0.0,-0.5936926007270813,0.0,0.0
2022-03-27,0.0,0.7489640116691589,0.0,0.0,0.0,0.0
2022-03-28,-0.5224876403808594,0.0,-0.6687847971916199,-0.5986811518669128,0.0,0.0
2022-03-29,0.0,0.0,0.0,0.0,0.0,0.0
2022-03-30,0.0,-0.5648657083511353,0.0,0.0,0.0,0.0
2022-03-31,0.0,0.0,0.0,0.0,0.0,-0.5323915481567383
2022-04-01,0.0,0.0,0.0,0.0,0.0,0.0
2022-04-02,0.0,0.0,0.0,-0.670381486415863,0.0,0.0
2022-04-03,0.0,0.8895730376243591,0.0,-0.7572949528694153,0.0,0.0
2022-04-04,-0.7797277569770813,0.0,-0.656589925289154,0.0,0.0,0.0
2022-04-05,-0.7797277569770813,0.0,0.0,0.0,0.0,0.0
2022-04-06,-0.7797277569770813,0.0,0.0,-0.492409884929657,0.0,0.0
2022-04-07,-0.7797277569770813,0.0,0.0,0.0,0.0,0.0
2022-04-08,-0.7797277569770813,-0.5540816783905029,0.0,0.0,-0.5020862817764282,0.0
2022-04-09,-0.7797277569770813,-0.5540816783905029,0.0,0.0,-0.5020862817764282,0.0
2022-04-10,-0.7797277569770813,-0.7704726457595825,0.0,-0.7279637455940247,-0.5020862817764282,0.0
2022-04-11,0.0,0.0,-0.7076475024223328,0.0,-0.5020862817764282,0.0
2022-04-12,0.0,0.0,-0.5644277930259705,0.7043613791465759,-0.5020862817764282,0.0
2022-04-13,0.0,0.0,0.0,-0.5814270377159119,-0.5020862817764282,0.0
2022-04-14,0.6017026305198669,0.0,0.0,0.0,-0.5020862817764282,0.0
2022-04-15,0.5858315229415894,0.0,0.0,0.0,0.0,0.0
2022-04-16,0.5858315229415894,-0.5049296021461487,0.0,0.0,0.0,0.0
2022-04-17,0.5858315229415894,0.0,0.0,-0.6309468746185303,0.0,0.0
2022-04-18,0.5858315229415894,-0.7220707535743713,0.0,0.0,0.0,0.0
2022-04-19,0.5858315229415894,0.0,0.0,0.0,0.0,-0.5403389930725098
2022-04-20,0.0,0.0,0.0,-0.6939042210578918,0.0,0.0
2022-04-21,0.818040668964386,0.0,0.0,0.0,0.0,0.0
2022-04-22,0.818040668964386,0.0,0.0,-0.4966581165790558,0.0,0.0
2022-04-23,0.818040668964386,0.8753695487976074,0.0,-0.4966581165790558,0.0,0.0
2022-04-24,0.0,-0.5088196992874146,0.0,-0.4966581165790558,0.0,0.0
2022-04-25,-0.6541716456413269,0.0,0.0,0.0,0.0,-0.6060367822647095
2022-04-26,-0.6541716456413269,0.0,0.0,-0.6497234106063843,0.0,-0.5223921537399292
2022-04-27,-0.6541716456413269,0.0,-0.5009821057319641,0.0,0.0,-0.5223921537399292
2022-04-28,-0.6541716456413269,0.0,0.0,0.0,0.0,-0.5223921537399292
2022-04-29,-0.6541716456413269,0.0,0.0,0.0,0.0,0.692470371723175
2022-04-30,-0.6541716456413269,0.0,0.0,0.0,0.0,0.692470371723175
2022-05-01,-0.6541716456413269,0.0,0.0,0.0,0.0,0.692470371723175
2022-05-02,-0.6541716456413269,0.0,-0.5544167160987854,0.0,0.0,-0.649725079536438
2022-05-03,-0.6541716456413269,-0.7091239094734192,0.0,0.0,0.0,0.0
2022-05-04,-0.6541716456413269,0.0,0.0,0.0,0.0,0.0
2022-05-05,-0.6541716456413269,0.0,0.0,0.0,0.0,0.0
2022-05-06,0.0,-0.6708759069442749,0.0,0.0,0.0,0.0
2022-05-07,0.0,-0.5084851384162903,0.0,0.0,0.0,0.0
2022-05-08,0.8980603218078613,-0.8455162048339844,0.0,0.0,0.0,0.0
2022-05-09,0.7067145109176636,-0.5832046270370483,0.0,-0.6719784140586853,0.0,0.0
2022-05-10,0.7067145109176636,0.0,0.0,0.0,0.0,0.0
2022-05-11,-0.6127604246139526,0.0,0.0,0.0,0.0,0.0
2022-05-12,0.0,0.5197933912277222,-0.704992413520813,-0.6988802552223206,0.0,0.0
2022-05-13,0.0,0.0,0.0,0.0,-0.5788276195526123,0.0
2022-05-14,0.0,0.0,0.0,0.0,-0.5788276195526123,0.0
2022-05-15,0.8525364398956299,-0.6656591296195984,0.0,0.6217730045318604,-0.5788276195526123,0.0
2022-05-16,0.8525364398956299,0.9346509575843812,0.0,-0.5480085611343384,-0.5788276195526123,-0.84683758020401
2022-05-17,0.8525364398956299,0.0,0.0,0.0,-0.5788276195526123,0.0
2022-05-18,0.8525364398956299,-0.7352819442749023,0.0,0.0,-0.5788276195526123,0.0
2022-05-19,0.8525364398956299,-0.7201144695281982,0.0,0.0,-0.5788276195526123,0.0
2022-05-20,0.8525364398956299,0.0,0.0,0.0,-0.6932523250579834,0.0
2022-05-21,0.8525364398956299,0.0,0.0,0.0,-0.6932523250579834,0.0
2022-05-22,0.8525364398956299,-0.7313644886016846,0.0,0.0,-0.6932523250579834,0.0
2022-05-23,0.8525364398956299,-0.5279883742332458,0.0,0.0,-0.6932523250579834,0.0
2022-05-24,0.8525364398956299,0.0,0.0,-0.7841795682907104,-0.6932523250579834,0.0
2022-05-25,0.8525364398956299,0.0,-0.5288780927658081,0.0,-0.6932523250579834,0.0
2022-05-26,0.8525364398956299,0.0,0.6253339052200317,0.0,-0.6932523250579834,0.5601106286048889
2022-05-27,0.8525364398956299,-0.8243916034698486,0.0,0.0,0.0,0.0
2022-05-28,0.8525364398956299,-0.8243916034698486,0.0,0.0,0.0,0.0
2022-05-29,0.8525364398956299,0.0,0.0,0.0,0.0,0.0
2022-05-30,0.0,-0.6740330457687378,0.0,-0.7460312843322754,0.0,0.0
2022-05-31,0.0,0.0,0.0,0.0,0.0,0.0
2022-06-01,0.0,0.0,0.0,0.0,0.0,0.0
2022-06-02,0.549858570098877,0.0,0.0,0.0,0.0,0.0
2022-06-03,0.549858570098877,0.0,0.0,-0.647855281829834,0.0,0.0
2022-06-04,-0.7967998385429382,0.0,0.0,-0.647855281829834,0.0,0.0
2022-06-05,-0.7967998385429382,0.7155858278274536,0.0,-0.5068883895874023,0.0,0.0
2022-06-06,0.0,0.0,0.0,-0.7201453447341919,0.0,-0.5235810875892639
2022-06-07,0.0,0.6061671376228333,0.0,-0.6635269522666931,0.0,-0.5235810875892639
2022-06-08,0.0,-0.6076607704162598,0.0,0.0,0.0,-0.5235810875892639
2022-06-09,0.0,0.0,0.0,0.0,0.0,-0.5235810875892639
2022-06-10,0.0,0.0,0.0,0.0,0.0,-0.5235810875892639
2022-06-11,0.0,0.0,0.0,-0.5352373719215393,0.0,-0.5235810875892639
2022-06-12,0.0,-0.5999876260757446,0.0,0.0,0.0,-0.5235810875892639
2022-06-13,-0.6442762613296509,0.0,0.0,0.0,0.0,-0.5235810875892639
2022-06-14,-0.6442762613296509,0.0,0.0,0.0,0.0,-0.5235810875892639
2022-06-15,-0.6442762613296509,-0.653943657875061,0.0,0.0,0.0,-0.5235810875892639
2022-06-16,-0.6442762613296509,-0.5722221732139587,0.0,-0.5298722982406616,0.0,-0.5235810875892639
2022-06-17,-0.6442762613296509,-0.6517760157585144,0.0,0.0,0.0,0.0
2022-06-18,-0.6442762613296509,0.0,0.0,0.0,0.0,0.0
2022-06-19,-0.7964770793914795,-0.6844819188117981,0.0,-0.6637732982635498,0.0,0.0
2022-06-20,-0.7964770793914795,0.8121514320373535,-0.5179810523986816,0.0,0.0,0.0
2022-06-21,0.0,0.0,0.0,-0.7936859130859375,0.0,0.0
2022-06-22,-0.6086958646774292,-0.5720751881599426,0.0,0.0,0.0,0.0
2022-06-23,-0.6086958646774292,0.0,0.0,-0.5815043449401855,0.0,0.0
2022-06-24,0.0,0.0,0.0,-0.5815043449401855,0.0,-0.79936283826828
2022-06-25,0.0,0.0,0.0,-0.5815043449401855,0.0,-0.79936283826828
2022-06-26,0.0,0.0,0.0,-0.7366945743560791,0.0,-0.79936283826828
2022-06-27,0.0,0.5694069266319275,0.0,0.0,0.0,-0.79936283826828
2022-06-28,0.0,-0.4854771494865417,0.0,0.0,0.0,-0.79936283826828
2022-06-29,0.0,0.0,0.0,0.0,0.0,0.0
2022-06-30,0.0,0.0,0.0,-0.7094206213951111,0.0,0.0
2022-07-01,0.0,0.0,0.0,0.0,0.0,0.0
2022-07-02,0.0,0.0,0.0,-0.7715158462524414,0.0,0.0
2022-07-03,0.0,-0.7088876366615295,0.0,0.0,0.0,0.0
2022-07-04,0.0,0.0,0.0,0.0,0.0,0.0
2022-07-05,-0.5908850431442261,-0.7609261274337769,-0.5935409665107727,-0.7286708950996399,0.0,0.0
2022-07-06,-0.5834284424781799,0.7676142454147339,0.0,-0.6397461295127869,0.0,-0.6317343711853027
2022-07-07,-0.5834284424781799,0.0,0.0,-0.565596878528595,0.0,-0.6159060001373291
2022-07-08,-0.5834284424781799,0.0,0.0,-0.5987211465835571,0.0,0.0
2022-07-09,-0.5834284424781799,0.4972430765628814,0.0,-0.5987211465835571,0.0,0.0
2022-07-10,-0.5834284424781799,-0.7602737545967102,0.0,0.0,0.0,0.0
2022-07-11,-0.5834284424781799,-0.4966752827167511,0.0,0.0,0.0,0.0
2022-07-12,-0.5834284424781799,0.0,0.0,0.0,0.0,0.0
2022-07-13,-0.5834284424781799,0.0,0.0,0.0,0.0,0.0
2022-07-14,0.6229259967803955,0.0,-0.559470534324646,-0.7512091398239136,0.0,0.0
2022-07-15,0.6229259967803955,0.0,0.0,0.0,0.0,0.5774310231208801
2022-07-16,0.6229259967803955,0.0,0.0,0.0,0.0,0.5774310231208801
2022-07-17,0.6229259967803955,0.0,0.0,-0.5008227229118347,0.0,0.5774310231208801
2022-07-18,0.0,0.0,-0.6005323529243469,0.0,0.0,0.5774310231208801
2022-07-19,0.0,0.0,0.0,-0.5962436199188232,0.0,0.5774310231208801
2022-07-20,0.0,0.0,0.0,-0.5257726311683655,0.0,0.5774310231208801
2022-07-21,0.0,0.0,0.0,0.0,0.0,0.5774310231208801
2022-07-22,0.0,0.0,0.0,0.0,0.0,0.5774310231208801
2022-07-23,0.0,0.0,0.0,0.0,0.0,0.5774310231208801
2022-07-24,0.0,0.0,0.0,-0.5211800932884216,0.0,0.5774310231208801
2022-07-25,0.0,0.6746096611022949,0.0,-0.5829321146011353,0.0,0.5774310231208801
2022-07-26,0.0,0.0,0.0,-0.7929102778434753,0.0,-0.626944363117218
2022-07-27,0.0,0.0,0.0,0.0,0.0,0.0
2022-07-28,0.0,0.0,-0.5594363212585449,0.0,0.0,0.0
2022-07-29,0.0,0.9215023517608644,0.581926167011261,0.0,-0.6676493287086487,0.0
2022-07-30,0.0,0.9215023517608644,0.581926167011261,0.0,-0.6676493287086487,0.0
2022-07-31,0.0,0.0,0.581926167011261,0.0,-0.6676493287086487,0.0
2022-08-01,0.0,0.0,0.0,0.0,-0.6676493287086487,0.0
2022-08-02,0.0,0.0,0.0,-0.5452640652656555,-0.6676493287086487,0.0
2022-08-03,0.0,0.0,0.0,0.0,-0.6676493287086487,-0.7459994554519653
2022-08-04,0.0,0.0,0.0,0.0,-0.6676493287086487,-0.7459994554519653
2022-08-05,0.0,0.0,0.0,-0.7954874038696289,0.0,-0.69733726978302
2022-08-06,0.0,0.6223042011260986,0.0,-0.5839592218399048,0.0,-0.69733726978302
2022-08-07,-0.5006507039070129,-0.5209612846374512,0.0,-0.7271661162376404,0.0,-0.69733726978302
2022-08-08,-0.5006507039070129,0.6378340125083923,0.0,0.0,0.0,0.0
2022-08-09,-0.5006507039070129,0.5809084177017212,0.0,0.0,0.0,0.0
2022-08-10,0.0,0.0,0.0,0.0,0.0,0.0
2022-08-11,0.5885501503944397,0.0,0.0,-0.5786094665527344,0.0,0.0
2022-08-12,0.5885501503944397,0.0,0.0,0.0,-0.5742976665496826,0.0
2022-08-13,0.0,0.0,0.0,0.0,-0.5742976665496826,0.0
2022-08-14,0.0,0.0,0.0,0.0,-0.5742976665496826,0.0
2022-08-15,0.0,0.0,0.0,-0.5920999646186829,-0.5742976665496826,-0.7453885674476624
2022-08-16,0.0,0.0,0.0,0.0,-0.5742976665496826,0.0
2022-08-17,0.0,0.0,0.0,-0.5425616502761841,-0.5742976665496826,0.0
2022-08-18,0.0,0.0,0.6056132912635803,0.0,-0.5742976665496826,0.0
2022-08-19,0.0,0.0,-0.651687741279602,0.0,0.0,-0.7373330593109131
2022-08-20,0.0,0.0,-0.651687741279602,0.0,0.0,-0.7373330593109131
2022-08-21,0.0,0.0,-0.651687741279602,-0.5679454803466797,0.0,-0.7373330593109131
2022-08-22,0.0,0.0,0.0,-0.6884092688560486,0.0,-0.7373330593109131
2022-08-23,0.0,0.0,0.0,0.0,0.0,0.0
2022-08-24,0.0,-0.6838582754135132,-0.515826940536499,-0.7338506579399109,0.0,0.0
2022-08-25,0.7588457465171814,-0.5711507201194763,-0.5716882944107056,0.0,0.0,0.0
2022-08-26,0.7588457465171814,0.9701242446899414,0.0,-0.7607917189598083,0.0,0.0
2022-08-27,0.7588457465171814,0.7114541530609131,0.0,-0.7607917189598083,0.0,0.0
2022-08-28,0.7588457465171814,0.5347927212715149,0.0,-0.7292818427085876,0.0,0.0
2022-08-29,0.7588457465171814,0.9273902177810668,0.0,-0.5359782576560974,0.0,0.0
2022-08-30,0.7588457465171814,-0.699734628200531,-0.50086510181427,0.0,0.0,-0.6991496086120605
2022-08-31,0.7553660869598389,0.0,0.0,-0.6925186514854431,0.0,-0.6991496086120605
2022-09-01,0.7553660869598389,0.0,0.0,0.0,0.0,-0.5897552967071533
2022-09-02,-0.7884600758552551,0.0,0.0,-0.6888163685798645,0.0,-0.521833598613739
2022-09-03,-0.7884600758552551,0.0,0.0,-0.6888163685798645,0.0,-0.521833598613739
2022-09-04,-0.7884600758552551,0.0,0.0,-0.6857810616493225,0.0,-0.521833598613739
2022-09-05,-0.7884600758552551,-0.544076144695282,0.0,0.0,0.0,-0.521833598613739
2022-09-06,-0.7884600758552551,0.0,-0.6356111168861389,0.0,0.0,-0.521833598613739
2022-09-07,-0.7884600758552551,0.0,0.0,-0.7645615935325623,0.0,-0.521833598613739
2022-09-08,-0.7884600758552551,0.0,0.0,0.0,0.0,-0.521833598613739
2022-09-09,-0.7884600758552551,0.0,0.0,0.0,0.0,-0.521833598613739
2022-09-10,-0.7884600758552551,0.0,0.0,-0.5678276419639587,0.0,-0.521833598613739
2022-09-11,0.0,0.0,0.0,0.0,0.0,-0.521833598613739
2022-09-12,0.0,-0.5830824971199036,0.0,-0.5008267164230347,0.0,-0.499226450920105
2022-09-13,0.0,0.0,0.0,-0.7216311693191528,0.0,-0.499226450920105
2022-09-14,0.0,0.0,0.0,-0.5679195523262024,0.0,-0.499226450920105
2022-09-15,0.0,0.8651806116104126,-0.6625844240188599,0.0,0.0,0.0
2022-09-16,-0.8019154071807861,0.0,0.0,0.0,0.0,0.0
2022-09-17,-0.8019154071807861,0.0,0.0,0.0,0.0,0.0
2022-09-18,0.0,-0.5705634355545044,0.0,0.0,0.0,0.0
2022-09-19,0.0,0.0,0.0,-0.7930369973182678,0.0,0.0
2022-09-20,0.0,0.0,0.0,0.0,0.0,0.0
2022-09-21,0.0,0.0,0.0,-0.778414785861969,0.0,0.0
2022-09-22,0.0,-0.630834698677063,0.0,-0.7007158994674683,0.0,0.0
2022-09-23,-0.5554708242416382,0.0,0.0,0.0,0.0,0.0
2022-09-24,-0.5554708242416382,0.0,0.0,0.0,0.0,0.0
2022-09-25,-0.5554708242416382,0.0,0.0,0.0,0.0,0.0
2022-09-26,-0.5554708242416382,0.0,-0.5559055209159851,-0.5994507074356079,0.0,0.0
2022-09-27,0.7479380369186401,0.0,0.0,-0.6994871497154236,0.0,0.0
2022-09-28,0.7479380369186401,0.0,0.0,0.0,0.0,0.0
2022-09-29,0.7479380369186401,0.0,-0.5878027081489563,-0.7043595314025879,0.0,0.0
2022-09-30,0.7479380369186401,0.0,0.0,0.0,0.0,0.0
2022-10-01,0.7479380369186401,0.0,0.0,0.0,0.0,0.0
2022-10-02,0.7479380369186401,0.0,0.0,0.0,0.0,0.0
2022-10-03,0.7479380369186401,0.0,0.0,0.0,0.0,0.0
2022-10-04,0.7479380369186401,0.0,0.0,0.0,0.0,-0.5562523007392883
2022-10-05,0.7479380369186401,0.0,-0.5588330030441284,-0.6509891748428345,0.0,-0.5562523007392883
2022-10-06,0.7479380369186401,0.5655497908592224,0.0,0.0,0.0,0.0
2022-10-07,0.7479380369186401,0.0,0.0,-0.5902301073074341,-0.565719485282898,0.0
2022-10-08,0.7479380369186401,0.0,0.0,-0.5996299982070923,-0.565719485282898,0.0
2022-10-09,0.7479380369186401,0.5472427010536194,0.0,-0.7133805155754089,-0.565719485282898,0.0
2022-10-10,0.7479380369186401,-0.5849538445472717,0.0,-0.6680782437324524,-0.565719485282898,0.0
2022-10-11,0.7479380369186401,0.0,-0.5720446109771729,0.0,-0.565719485282898,-0.6111043691635132
2022-10-12,0.0,0.0,-0.5413476228713989,0.0,-0.565719485282898,-0.6111043691635132
2022-10-13,0.0,0.0,0.0,-0.7496848702430725,-0.565719485282898,-0.7113516330718994
2022-10-14,0.0,0.5162829160690308,-0.6206454634666443,-0.544040858745575,0.0,-0.7113516330718994
2022-10-15,0.0,0.0,-0.6206454634666443,-0.544040858745575,0.0,-0.7113516330718994
2022-10-16,0.0,0.0,-0.6206454634666443,-0.544040858745575,0.0,-0.7113516330718994
2022-10-17,0.0,0.0,0.0,0.0,0.0,-0.7113516330718994
2022-10-18,0.0,0.0,0.0,-0.4987236261367798,0.0,-0.7113516330718994
2022-10-19,0.0,0.0,0.0,-0.7859723567962646,0.0,-0.7113516330718994
2022-10-20,0.0,0.0,0.0,0.0,0.0,-0.7113516330718994
2022-10-21,0.0,0.0,0.0,-0.6171019673347473,0.0,0.0
2022-10-22,0.0,0.0,0.0,-0.6171019673347473,0.0,0.0
2022-10-23,0.0,0.0,0.0,-0.774023175239563,0.0,0.0
2022-10-24,0.0,-0.5399317741394043,0.0,0.0,0.0,0.0
2022-10-25,0.0,-0.6925374865531921,0.0,0.0,0.0,0.0
2022-10-26,0.0,0.0,0.0,0.0,0.0,0.0
2022-10-27,0.0,0.8809142112731934,0.0,0.0,0.0,0.0
2022-10-28,0.0,0.5668298006057739,0.0,0.0,-0.6435125470161438,0.0
2022-10-29,0.0,0.5668298006057739,0.0,0.0,-0.6435125470161438,0.0
2022-10-30,0.0,0.4859806895256042,0.0,0.0,-0.6435125470161438,0.0
2022-10-31,0.0,0.0,0.0,-0.5447109341621399,-0.6435125470161438,0.0
2022-11-01,0.8667925596237183,0.5247408151626587,0.0,-0.6890685558319092,-0.6435125470161438,-0.7039020657539368
2022-11-02,0.8667925596237183,0.0,0.0,0.0,-0.6435125470161438,-0.7039020657539368
2022-11-03,0.8667925596237183,0.6158774495124817,0.0,-0.607336699962616,-0.6435125470161438,0.0
2022-11-04,0.8667925596237183,0.0,0.0,0.0,0.0,0.0
2022-11-05,0.8667925596237183,0.0,0.0,0.0,0.0,0.0
2022-11-06,0.8667925596237183,-0.7455436587333679,0.0,0.0,0.0,0.0
2022-11-07,0.8667925596237183,-0.6715682744979858,0.0,-0.5594992637634277,0.0,-0.5103181600570679
2022-11-08,0.8667925596237183,0.0,0.0,-0.7438498139381409,0.0,-0.5103181600570679
2022-11-09,0.8667925596237183,0.0,0.0,-0.7438498139381409,0.0,-0.5103181600570679
2022-11-10,0.8667925596237183,0.0,0.0,0.5022009015083313,0.0,-0.5196360945701599
2022-11-11,0.8667925596237183,0.6163282990455627,0.0,0.5022009015083313,0.0,-0.5196360945701599
2022-11-12,0.8667925596237183,0.6163282990455627,0.0,0.5022009015083313,0.0,-0.5196360945701599
2022-11-13,0.8667925596237183,0.0,0.0,0.0,0.0,-0.5196360945701599
2022-11-14,0.8667925596237183,-0.5953574180603027,0.0,0.0,0.0,-0.5196360945701599
2022-11-15,0.8667925596237183,-0.6512676477432251,-0.5179839134216309,0.0,0.0,-0.6646454334259033
2022-11-16,0.8667925596237183,0.0,0.0,-0.6242184042930603,0.0,-0.644252598285675
2022-11-17,0.8667925596237183,-0.6146783828735352,-0.528386652469635,-0.520046591758728,0.0,-0.8056000471115112
2022-11-18,0.8667925596237183,-0.68940269947052,0.0,-0.6803510189056396,0.0,-0.6334553360939026
2022-11-19,0.8667925596237183,-0.68940269947052,0.0,0.8848791122436523,0.0,-0.6334553360939026
2022-11-20,0.8667925596237183,-0.68940269947052,0.0,0.0,0.0,-0.6334553360939026
2022-11-21,0.0,0.0,0.0,0.0,0.0,-0.520035445690155
2022-11-22,0.0,0.0,0.0,-0.5994648933410645,0.0,-0.520035445690155
2022-11-23,0.7424174547195435,0.0,0.0,0.0,0.0,-0.520035445690155
2022-11-24,0.7424174547195435,-0.5791170001029968,0.0,0.0,0.0,-0.520035445690155
2022-11-25,0.7424174547195435,0.0,0.0,0.0,0.0,-0.520035445690155
2022-11-26,0.7424174547195435,0.0,0.0,0.0,0.0,-0.520035445690155
2022-11-27,0.7424174547195435,0.0,0.0,0.0,0.0,-0.520035445690155
2022-11-28,0.7424174547195435,0.0,-0.5888182520866394,0.0,0.0,0.0
2022-11-29,0.0,0.0,-0.5159547924995422,0.0,0.0,0.0
2022-11-30,0.0,0.0,0.0,0.0,0.0,0.0
2022-12-01,0.0,-0.6920005083084106,0.0,0.0,0.0,0.0
2022-12-02,0.0,0.0,0.0,0.0,0.0,0.0
2022-12-03,0.0,-0.7724246978759766,0.0,0.0,0.0,0.0
2022-12-04,0.0,0.0,-0.7160379886627197,0.0,0.0,0.0
2022-12-05,0.0,0.0,-0.5357049107551575,-0.5973708629608154,0.0,0.0
2022-12-06,0.0,0.0,0.0,-0.6380623579025269,0.0,0.0
2022-12-07,0.0,0.0,0.0,0.0,0.0,0.0
2022-12-08,0.0,0.0,0.0,0.0,0.0,0.0
2022-12-09,0.0,-0.4894148111343384,-0.4928452670574188,-0.5598084926605225,0.0,0.0
2022-12-10,0.0,0.0,-0.4928452670574188,0.0,0.0,0.0
2022-12-11,0.0,0.0,-0.4928452670574188,-0.5386062264442444,0.0,0.0
2022-12-12,0.0,0.5000774264335632,0.0,0.0,0.0,0.0
2022-12-13,0.0,0.0,0.0,0.0,0.0,0.0
2022-12-14,0.0,0.0,0.0,0.0,0.0,0.0
2022-12-15,0.0,0.0,0.0,0.0,0.0,0.0
2022-12-16,0.0,0.0,0.0,0.0,0.0,-0.5149573087692261
2022-12-17,0.0,0.0,0.0,0.0,0.0,-0.5149573087692261
2022-12-18,0.0,0.0,0.0,-0.6385023593902588,0.0,-0.5149573087692261
2022-12-19,0.0,0.0,0.7559630870819092,0.5673150420188904,0.0,-0.5149573087692261
2022-12-20,0.7014055252075195,0.0,-0.6643799543380737,0.0,0.0,-0.5149573087692261
2022-12-21,0.7014055252075195,0.0,0.0,-0.5905320048332214,0.0,0.0
2022-12-22,0.7014055252075195,0.0,0.0,-0.7610337138175964,0.0,0.0
2022-12-23,0.7445860505104065,0.0,0.0,0.0,0.0,0.0
2022-12-24,0.7445860505104065,0.0,0.0,0.0,0.0,0.0
2022-12-25,0.0,-0.7151730060577393,0.0,0.0,0.0,0.0
2022-12-26,0.0,0.0,0.0,0.0,0.0,0.0
2022-12-27,0.0,0.0,0.0,-0.6357382535934448,0.0,0.0
2022-12-28,0.0,0.0,0.0,-0.5114119052886963,0.0,0.0
2022-12-29,0.0,0.0,0.0,0.0,0.0,0.0
2022-12-30,0.0,-0.4830295443534851,0.0,0.0,0.0,0.0
2022-12-31,0.0,-0.4830295443534851,0.0,0.0,0.0,0.0
2023-01-01,0.0,-0.4830295443534851,0.0,0.0,0.0,0.0
2023-01-02,0.0,-0.5626283884048462,0.0,0.0,0.0,0.0
2023-01-03,0.0,0.0,-0.7275354862213135,0.0,0.0,0.0
2023-01-04,-0.5054441690444946,0.0,-0.5905900597572327,0.0,0.0,0.0
2023-01-05,-0.5054441690444946,0.573260486125946,0.0,0.0,0.0,0.0
2023-01-06,-0.5054441690444946,0.0,0.0,-0.5614597797393799,0.5916607975959778,0.0
2023-01-07,-0.5054441690444946,0.0,0.0,0.0,0.5916607975959778,0.0
2023-01-08,0.0,0.7029287219047546,0.0,0.0,0.5916607975959778,0.0
2023-01-09,0.0,0.0,0.0,0.0,0.5916607975959778,0.0
2023-01-10,0.0,0.0,0.0,0.0,0.5916607975959778,0.0
2023-01-11,0.0,0.0,0.0,0.0,0.5916607975959778,0.0
2023-01-12,0.0,0.0,0.0,0.0,0.5916607975959778,0.5606406331062317
2023-01-13,0.0,0.0,0.0,0.0,0.5605379939079285,0.5606406331062317
2023-01-14,0.0,0.0,0.0,0.0,0.5605379939079285,0.5606406331062317
2023-01-15,0.0,0.0,0.0,0.0,0.5605379939079285,0.5606406331062317
2023-01-16,0.0,0.0,0.0,-0.795112133026123,0.5605379939079285,0.0
2023-01-17,0.0,0.0,0.0,0.0,0.5605379939079285,0.0
2023-01-18,0.0,-0.7344497442245483,0.0,0.0,0.5605379939079285,0.0
2023-01-19,0.0,0.0,0.0,-0.6138976812362671,0.5605379939079285,0.0
2023-01-20,0.0,0.7272067666053772,0.0,0.0,0.0,0.0
2023-01-21,0.0,0.0,0.0,-0.6473962068557739,0.0,0.0
2023-01-22,0.0,0.0,0.0,0.0,0.0,0.0
2023-01-23,0.0,0.0,0.0,0.0,0.0,0.0
2023-01-24,-0.6233348250389099,0.7757676243782043,-0.5235609412193298,0.0,0.0,0.0
2023-01-25,0.0,0.5415912866592407,0.0,0.0,0.0,0.0
2023-01-26,0.0,0.0,0.0,0.8872194290161133,0.0,0.0
2023-01-27,0.0,0.0,0.0,0.0,0.0,0.0
2023-01-28,0.0,0.5319391489028931,0.0,0.0,0.0,0.0
2023-01-29,0.0,0.5319391489028931,0.0,0.0,0.0,0.0
2023-01-30,0.0,0.0,0.0,0.0,0.0,0.0
2023-01-31,0.0,-0.5991005897521973,0.0,0.0,0.0,0.0
2023-02-01,0.0,0.0,0.0,-0.5347021222114563,0.0,0.0
2023-02-02,0.0,-0.6310595273971558,0.0,0.0,0.0,0.0
2023-02-03,0.0,0.0,0.0,-0.7400781512260437,0.0,0.0
2023-02-04,0.0,0.0,0.0,-0.7400781512260437,0.0,0.0
2023-02-05,0.0,0.0,0.0,-0.6574122309684753,0.0,0.0
2023-02-06,0.0,0.0,-0.5190356969833374,-0.7911498546600342,0.0,0.0
2023-02-07,0.0,0.0,0.0,0.0,0.0,0.0
2023-02-08,0.0,-0.581333577632904,0.0,0.0,0.0,0.0
2023-02-09,0.0,0.0,-0.727267324924469,0.0,0.0,-0.5067319273948669
2023-02-10,0.0,0.0,0.0,0.0,0.0,-0.5067319273948669
2023-02-11,0.0,0.0,0.0,0.0,0.0,-0.5067319273948669
2023-02-12,0.0,-0.6336256861686707,0.0,0.0,0.0,-0.5067319273948669
2023-02-13,0.0,-0.7075827121734619,0.0,0.0,0.0,-0.5067319273948669
2023-02-14,0.0,-0.7044611573219299,0.0,0.0,0.0,0.0
2023-02-15,0.0,-0.6426852345466614,0.0,0.0,0.0,0.0
2023-02-16,0.0,0.0,0.0,0.0,0.0,0.0
2023-02-17,0.0,-0.6165819764137268,0.0,0.0,0.0,0.0
2023-02-18,0.0,-0.8467381000518799,0.0,0.0,0.0,0.0
2023-02-19,0.0,0.0,0.0,0.0,0.0,0.0
2023-02-20,0.0,-0.6152616739273071,0.0,-0.8009157180786133,0.0,0.0
2023-02-21,0.0,0.0,0.0,-0.7995153665542603,0.0,0.0
2023-02-22,0.0,0.0,-0.5374245643615723,0.0,0.0,0.0
2023-02-23,0.0,0.0,-0.5782965421676636,0.0,0.0,0.0
2023-02-24,0.0,0.0,0.0,0.0,0.0,0.0
2023-02-25,0.0,0.0,0.0,-0.6925164461135864,0.0,0.0
2023-02-26,0.0,0.0,0.0,-0.6925164461135864,0.0,0.0
2023-02-27,0.0,0.0,0.0,-0.6495705842971802,0.0,0.0
2023-02-28,0.0,0.0,0.0,0.0,0.0,0.0
2023-03-01,0.0,0.0,0.0,0.0,0.0,-0.7635065317153931
2023-03-02,0.0,0.0,0.0,-0.6462076902389526,0.0,-0.7635065317153931
2023-03-03,0.0,0.0,-0.5043805241584778,-0.5707785487174988,0.0,-0.7635065317153931
2023-03-04,0.0,0.0,-0.5043805241584778,-0.5707785487174988,0.0,-0.7635065317153931
2023-03-05,0.0,0.0,-0.5043805241584778,0.0,0.0,-0.7635065317153931
2023-03-06,0.0,-0.6023988723754883,0.0,0.0,0.0,-0.7635065317153931
2023-03-07,0.0,0.0,0.0,0.0,0.0,0.0
2023-03-08,0.0,-0.578355073928833,-0.5928294658660889,0.0,0.0,0.0
2023-03-09,0.0,-0.6863057613372803,-0.5471766591072083,0.0,0.0,0.0
2023-03-10,0.0,0.0,0.0,-0.6450551152229309,0.0,0.0
2023-03-11,0.0,0.0,0.0,0.0,0.0,0.0
2023-03-12,0.0,-0.5530240535736084,0.0,0.0,0.0,0.0
2023-03-13,0.0,-0.681340754032135,0.0,0.0,0.0,-0.7191426157951355
2023-03-14,0.0,-0.696823000907898,0.0,0.0,0.0,-0.7191426157951355
2023-03-15,0.0,-0.6712803840637207,0.0,-0.5495690107345581,0.0,-0.7191426157951355
2023-03-16,0.0,-0.5376153588294983,0.0,-0.8451527953147888,0.0,0.0
2023-03-17,0.0,0.0,0.0,0.0,0.0,0.0
2023-03-18,0.0,0.0,0.0,0.0,0.0,0.0
2023-03-19,0.0,0.0,0.0,0.0,0.0,0.0
2023-03-20,0.0,0.0,0.0,0.0,0.0,0.0
2023-03-21,0.0,0.0,0.0,0.0,0.0,0.0
2023-03-22,0.0,0.0,0.0,0.0,0.0,0.0
2023-03-23,-0.5524319410324097,0.0,0.0,-0.6462839841842651,0.0,0.0
2023-03-24,-0.5524319410324097,0.0,0.0,0.0,0.0,0.0
2023-03-25,-0.5524319410324097,0.0,0.0,0.0,0.0,0.0
2023-03-26,-0.5524319410324097,0.0,0.0,0.0,0.0,0.0
2023-03-27,-0.5524319410324097,0.0,0.0,0.0,0.0,-0.6888704299926758
2023-03-28,-0.5524319410324097,0.0,0.0,0.0,0.0,-0.6231936812400818
2023-03-29,-0.5524319410324097,0.0,0.0,-0.7363845109939575,0.0,0.0
2023-03-30,-0.5524319410324097,0.6194895505905151,0.0,0.7594596147537231,0.0,0.0
2023-03-31,-0.5524319410324097,0.0,0.0,0.7594596147537231,-0.6429035663604736,0.0
2023-04-01,-0.5524319410324097,0.0,0.0,0.0,-0.6429035663604736,0.0
2023-04-02,-0.5524319410324097,0.7127898335456848,-0.4895628094673157,-0.4925457537174225,-0.6429035663604736,0.0
2023-04-03,-0.5524319410324097,0.0,0.0,-0.5114809274673462,-0.6429035663604736,0.0
2023-04-04,0.0,0.0,0.0,0.0,-0.6429035663604736,0.0
2023-04-05,0.0,0.0,0.0,0.0,-0.6429035663604736,0.0
2023-04-06,0.0,0.5976548790931702,0.0,0.0,-0.6429035663604736,0.0
2023-04-07,0.0,-0.5002464056015015,0.0,0.0,0.0,-0.8169147968292236
2023-04-08,0.0,-0.5002464056015015,0.0,0.0,0.0,-0.8169147968292236
2023-04-09,0.0,0.0,0.0,0.0,0.0,-0.8169147968292236
2023-04-10,0.0,0.0,0.0,0.0,0.0,-0.8169147968292236
2023-04-11,0.0,0.0,0.0,0.0,0.0,-0.8169147968292236
2023-04-12,0.0,-0.6610558032989502,0.0,0.0,0.0,-0.5583138465881348
2023-04-13,0.4986689984798431,0.0,-0.5208714008331299,0.8488719463348389,0.0,-0.5583138465881348
2023-04-14,0.4986689984798431,0.0,-0.6348893046379089,0.8488719463348389,0.0,-0.5583138465881348
2023-04-15,0.4986689984798431,0.0,-0.6348893046379089,0.8488719463348389,0.0,-0.5583138465881348
2023-04-16,0.4986689984798431,0.0,-0.6348893046379089,0.0,0.0,-0.5583138465881348
2023-04-17,0.4986689984798431,0.0,0.0,0.0,0.0,-0.5583138465881348
2023-04-18,0.4986689984798431,0.0,0.0,0.0,0.0,0.0
2023-04-19,0.4986689984798431,-0.5382768511772156,0.0,-0.536763072013855,0.0,0.0
2023-04-20,0.4986689984798431,0.0,-0.5046343803405762,-0.7709816694259644,0.0,-0.6878167986869812
2023-04-21,0.4986689984798431,0.0,0.0,0.0,0.0,0.0
2023-04-22,0.4986689984798431,0.0,0.0,0.0,0.0,0.0
2023-04-23,0.4986689984798431,0.0,0.0,0.0,0.0,0.0
2023-04-24,0.4986689984798431,-0.5948007106781006,0.0,0.0,0.0,-0.6559208035469055
2023-04-25,0.4986689984798431,0.0,0.0,0.0,0.0,-0.6559208035469055
2023-04-26,0.0,0.0,0.0,0.0,0.0,-0.6559208035469055
2023-04-27,0.0,0.0,0.0,0.0,0.0,-0.6559208035469055
2023-04-28,0.0,0.817375898361206,0.0,0.0,0.0,0.0
2023-04-29,0.0,0.933082103729248,0.0,0.0,0.0,0.0
2023-04-30,0.0,-0.5650694370269775,0.0,0.0,0.0,0.0
2023-05-01,0.0,-0.6794797778129578,0.0,-0.5875380635261536,0.0,0.0
2023-05-02,0.0,-0.6258814930915833,0.0,0.0,0.0,0.0
2023-05-03,0.0,0.0,0.0,-0.6046333909034729,0.0,-0.7029812335968018
2023-05-04,0.0,0.0,0.0,0.0,0.0,-0.7029812335968018
2023-05-05,0.0,0.6061275005340576,0.0,-0.5612994432449341,-0.6721975207328796,-0.7029812335968018
2023-05-06,0.0,0.6061275005340576,0.0,0.0,-0.6721975207328796,-0.7029812335968018
2023-05-07,0.0,0.0,0.0,-0.5832454562187195,-0.6721975207328796,-0.7029812335968018
2023-05-08,0.0,0.0,0.0,-0.7009130716323853,-0.6721975207328796,-0.7029812335968018
2023-05-09,0.6916761994361877,-0.4849809110164642,0.0,0.6040588617324829,-0.6721975207328796,0.0
2023-05-10,0.6916761994361877,0.0,0.0,-0.6350534558296204,-0.6721975207328796,0.0
2023-05-11,0.6916761994361877,-0.6356571316719055,0.0,0.0,-0.6721975207328796,0.0
2023-05-12,0.6916761994361877,-0.5052835941314697,-0.793690025806427,0.0,0.0,0.0
2023-05-13,0.6916761994361877,-0.5052835941314697,-0.793690025806427,0.0,0.0,0.0
2023-05-14,0.6916761994361877,-0.5052835941314697,-0.793690025806427,0.0,0.0,0.0
2023-05-15,0.0,0.0,0.0,-0.5373356938362122,0.0,-0.7679755091667175
2023-05-16,0.0,0.0,-0.6998487710952759,-0.5378952622413635,0.0,-0.7679755091667175
2023-05-17,0.0,-0.5448644757270813,0.0,-0.7233027815818787,0.0,-0.7679755091667175
2023-05-18,0.0,-0.5448644757270813,0.0,0.6511790752410889,0.0,-0.7381584048271179
2023-05-19,0.0,0.0,-0.567136287689209,0.6511790752410889,0.0,-0.7381584048271179
2023-05-20,0.0,0.0,-0.567136287689209,0.6511790752410889,0.0,-0.7381584048271179
2023-05-21,0.0,0.0,-0.567136287689209,-0.8572754263877869,0.0,-0.7381584048271179
2023-05-22,0.0,0.0,0.0,0.0,0.0,-0.7381584048271179
2023-05-23,0.0,0.0,0.0,-0.7193993330001831,0.0,-0.7381584048271179
2023-05-24,0.0,-0.5348082184791565,0.0,0.0,0.0,-0.7381584048271179
2023-05-25,0.0,-0.7099781036376953,0.0,0.0,0.0,-0.7381584048271179
2023-05-26,0.0,0.0,0.0,-0.8713850975036621,0.0,-0.7024279236793518
2023-05-27,0.0,0.0,0.0,0.0,0.0,-0.7024279236793518
2023-05-28,0.0,0.0,0.0,-0.7488764524459839,0.0,-0.7024279236793518
2023-05-29,0.0,0.0,0.0,-0.7488764524459839,0.0,0.0
2023-05-30,0.0,0.0,0.0,0.0,0.0,0.0
2023-05-31,0.0,0.0,0.0,-0.6554343700408936,0.0,0.0
2023-06-01,0.0,0.0,0.0,-0.554736316204071,0.0,0.0
2023-06-02,0.0,0.0,0.0,0.0,0.0,0.0
2023-06-03,0.0,0.7903572916984558,0.0,0.0,0.0,0.0
2023-06-04,0.0,0.0,0.0,0.0,0.0,0.0
2023-06-05,0.0,0.0,0.0,-0.6006397604942322,0.0,0.0
2023-06-06,0.0,-0.6185822486877441,-0.6180831789970398,-0.555989146232605,0.0,0.0
2023-06-07,0.0,0.0,0.0,0.0,0.0,0.0
2023-06-08,0.0,0.0,0.0,0.0,0.0,0.0
2023-06-09,0.0,0.0,0.0,0.0,-0.6780534386634827,0.0
2023-06-10,0.0,0.0,0.0,0.0,-0.6780534386634827,0.0
2023-06-11,0.0,0.0,0.0,0.0,-0.6780534386634827,0.0
2023-06-12,0.0,0.0,0.0,0.0,-0.6780534386634827,0.0
2023-06-13,0.0,0.0,0.4989843070507049,-0.5375223159790039,-0.6780534386634827,0.0
2023-06-14,0.0,-0.6187596321105957,0.0,0.0,-0.6780534386634827,0.0
2023-06-15,0.0,0.0,0.0,-0.5551671385765076,-0.6780534386634827,0.0
2023-06-16,0.0,0.0,0.0,0.0,0.5202206969261169,-0.5784926414489746
2023-06-17,0.0,0.0,0.0,0.0,0.5202206969261169,-0.5784926414489746
2023-06-18,0.0,0.0,0.0,0.0,0.5202206969261169,-0.5784926414489746
2023-06-19,0.0,-0.5894133448600769,0.0,-0.4965281784534454,0.5202206969261169,-0.5784926414489746
2023-06-20,0.0,0.7433497309684753,0.0,0.0,0.5202206969261169,-0.5784926414489746
2023-06-21,0.0,-0.646943211555481,-0.5439790487289429,0.0,0.5202206969261169,-0.5784926414489746
2023-06-22,0.0,-0.646943211555481,-0.6088294386863708,0.0,0.5202206969261169,-0.5784926414489746
2023-06-23,0.0,0.0,-0.6726135611534119,0.0,0.0,-0.7331300377845764
2023-06-24,0.0,0.0,-0.6726135611534119,0.0,0.0,-0.7331300377845764
2023-06-25,0.0,0.0,-0.6726135611534119,0.0,0.0,-0.7331300377845764
2023-06-26,0.0,-0.4862151741981506,-0.643239438533783,0.0,0.0,0.0
2023-06-27,0.0,0.0,0.0,-0.6798374652862549,0.0,0.0
2023-06-28,0.0,0.0,0.0,0.5609580874443054,0.0,0.0
2023-06-29,0.0,0.0,-0.5807008147239685,0.0,0.0,0.0
2023-06-30,0.0,0.0,0.0,-0.5369095206260681,0.0,0.0
2023-07-01,0.0,0.0,0.0,-0.5369095206260681,0.0,0.0
2023-07-02,0.0,0.0,0.0,-0.5369095206260681,0.0,0.0
2023-07-03,0.0,0.0,0.0,0.0,0.0,0.0
2023-07-04,0.0,0.0,0.0,0.0,0.0,0.0
2023-07-05,0.0,-0.5441557765007019,-0.6303447484970093,-0.6989230513572693,0.0,0.0
2023-07-06,0.0,0.0,0.0,0.0,0.0,-0.5637038946151733
2023-07-07,0.0,0.0,0.0,0.0,-0.5470926761627197,0.0
2023-07-08,0.0,0.0,0.0,0.0,-0.5470926761627197,0.0
2023-07-09,0.0,0.0,0.0,0.0,-0.5470926761627197,0.0
2023-07-10,0.0,0.0,-0.725622296333313,0.0,-0.5470926761627197,0.0
2023-07-11,0.0,0.0,0.0,0.0,-0.5470926761627197,0.0
2023-07-12,0.6818084120750427,0.0,0.0,-0.6810992360115051,-0.5470926761627197,0.0
2023-07-13,0.6077414751052856,0.0,0.0,0.0,-0.5470926761627197,0.0
2023-07-14,0.6077414751052856,0.0,-0.761861264705658,0.0,0.0,0.0
2023-07-15,0.6077414751052856,0.0,-0.761861264705658,0.0,0.0,0.0
2023-07-16,0.6077414751052856,0.0,-0.761861264705658,0.0,0.0,0.0
2023-07-17,0.6077414751052856,0.0,0.0,0.0,0.0,0.0
2023-07-18,0.6077414751052856,-0.5026878714561462,-0.4985764026641845,0.0,0.0,0.0
2023-07-19,0.6077414751052856,0.0,0.0,-0.592566192150116,0.0,0.0
2023-07-20,0.6077414751052856,0.5610150694847107,0.0,0.0,0.0,0.0
2023-07-21,0.6077414751052856,0.5610150694847107,0.0,0.0,0.0,0.0
2023-07-22,0.6077414751052856,-0.6109344363212585,0.0,-0.6419773101806641,0.0,0.0
2023-07-23,0.6077414751052856,0.0,0.0,0.0,0.0,0.0
2023-07-24,0.6077414751052856,0.0,0.0,0.6980133652687073,0.0,0.0
2023-07-25,0.0,0.0,0.0,0.6980133652687073,0.0,0.0
2023-07-26,0.0,0.0,0.0,0.0,0.0,0.0
2023-07-27,0.0,0.6812388300895691,0.0,-0.5251330733299255,0.0,0.0
2023-07-28,0.0,0.5631235241889954,0.0,-0.5039287209510803,0.0,0.0
2023-07-29,0.0,0.5631235241889954,0.0,-0.5039287209510803,0.0,0.0
2023-07-30,0.0,0.7537590265274048,0.0,-0.5635836124420166,0.0,0.0
2023-07-31,0.0,0.5975637435913086,0.0,0.0,0.0,0.0
2023-08-01,-0.5751484632492065,0.0,0.0,0.6740235090255737,0.0,0.0
2023-08-02,0.7666459679603577,0.0,-0.5790064334869385,0.0,0.0,0.0
2023-08-03,0.7666459679603577,0.0,0.0,-0.8000242710113525,0.0,0.5892996788024902
2023-08-04,0.7666459679603577,0.0,0.0,-0.6770141124725342,0.0,0.0
2023-08-05,0.7666459679603577,0.0,0.0,-0.6770141124725342,0.0,0.0
2023-08-06,0.7666459679603577,0.6772659420967102,0.0,-0.6924521327018738,0.0,0.0
2023-08-07,0.0,0.0,-0.6791239380836487,0.0,0.0,0.0
2023-08-08,0.0,0.0,0.0,0.0,0.0,0.0
2023-08-09,0.0,0.0,0.0,0.0,0.0,0.0
2023-08-10,0.0,0.5169376134872437,0.0,0.0,0.0,-0.4920835793018341
2023-08-11,0.0,0.0,-0.4944450259208679,0.0,0.0,-0.4920835793018341
2023-08-12,0.0,0.0,-0.4944450259208679,0.0,0.0,-0.4920835793018341
2023-08-13,0.0,0.0,-0.4944450259208679,-0.5057749152183533,0.0,-0.4920835793018341
2023-08-14,0.0,0.0,0.0,-0.6184858083724976,0.0,0.0
2023-08-15,0.601775586605072,-0.6528729200363159,0.0,-0.7790336608886719,0.0,-0.680900514125824
2023-08-16,0.601775586605072,0.0,-0.5746062994003296,0.0,0.0,-0.680900514125824
2023-08-17,0.601775586605072,0.0,0.0,-0.7862467169761658,0.0,-0.680900514125824
2023-08-18,0.601775586605072,0.0,0.0,0.0,0.0,-0.680900514125824
2023-08-19,0.601775586605072,0.0,0.0,0.0,0.0,-0.680900514125824
2023-08-20,0.601775586605072,0.0,0.0,0.0,0.0,-0.680900514125824
2023-08-21,0.601775586605072,0.0,0.0,0.0,0.0,-0.680900514125824
2023-08-22,0.601775586605072,0.0,-0.6522966027259827,0.0,0.0,-0.680900514125824
2023-08-23,0.601775586605072,0.0,-0.627800464630127,0.0,0.0,0.0
2023-08-24,0.601775586605072,0.0,0.0,0.0,0.0,0.0
2023-08-25,0.601775586605072,0.0,-0.6010878086090088,-0.6154322624206543,0.0,0.0
2023-08-26,0.601775586605072,0.0,-0.6010878086090088,-0.6154322624206543,0.0,0.0
2023-08-27,0.601775586605072,0.5747349858283997,-0.6010878086090088,0.0,0.0,0.0
2023-08-28,0.601775586605072,0.6229413747787476,0.0,0.0,0.0,0.0
2023-08-29,0.601775586605072,0.0,0.0,0.0,0.0,0.0
2023-08-30,0.601775586605072,0.0,0.0,0.0,0.0,0.0
2023-08-31,0.0,0.0,0.0,0.0,0.0,0.0
2023-09-01,0.0,0.0,0.0,0.0,0.0,0.0
2023-09-02,0.0,0.0,0.0,0.0,0.0,0.0
2023-09-03,0.0,0.0,0.0,-0.7749208211898804,0.0,0.0
2023-09-04,0.0,-0.6934559345245361,0.0,-0.7749208211898804,0.0,0.0
2023-09-05,0.0,0.0,0.0,0.0,0.0,0.0
2023-09-06,0.0,0.0,0.0,-0.6242504119873047,0.0,-0.5441423654556274
2023-09-07,0.0,0.5075119137763977,0.0,-0.7105660438537598,0.0,0.0
2023-09-08,0.0,-0.6551236510276794,0.0,-0.6463251113891602,0.0,0.0
2023-09-09,0.0,-0.5656148791313171,0.0,-0.6463251113891602,0.0,0.0
2023-09-10,0.0,0.0,0.0,0.0,0.0,0.0
2023-09-11,0.0,0.0,0.0,-0.8717671036720276,0.0,0.0
2023-09-12,0.0,0.0,0.0,-0.4955652952194214,0.0,0.0
2023-09-13,0.0,0.8312727212905884,0.0,0.0,0.0,0.0
2023-09-14,0.0,0.9184419512748718,0.0,-0.64603590965271,0.0,0.0
2023-09-15,0.0,0.0,0.0,0.0,-0.5879985094070435,0.0
2023-09-16,0.0,0.7165443897247314,0.0,0.0,-0.5879985094070435,0.0
2023-09-17,0.0,0.0,0.0,-0.6613284945487976,-0.5879985094070435,0.0
2023-09-18,0.0,0.570370078086853,0.0,0.0,-0.5879985094070435,0.0
2023-09-19,0.0,0.0,0.0,0.0,-0.5879985094070435,0.0
2023-09-20,0.0,0.0,0.0,-0.7823550701141357,-0.5879985094070435,0.0
2023-09-21,0.0,0.0,-0.6734852194786072,0.0,-0.5879985094070435,0.0
2023-09-22,0.0,0.0,-0.5628495216369629,0.0,0.0,0.0
2023-09-23,0.0,0.0,-0.5628495216369629,-0.541703999042511,0.0,0.0
2023-09-24,0.0,0.0,-0.5628495216369629,0.0,0.0,0.0
2023-09-25,0.0,0.0,0.0,0.0,0.0,0.0
2023-09-26,0.0,-0.5868855118751526,0.0,-0.577675998210907,0.0,0.0
2023-09-27,0.0,-0.6277104020118713,0.0,0.0,0.0,0.0
2023-09-28,0.0,0.0,0.0,0.0,0.0,0.0
2023-09-29,0.0,0.0,0.0,0.0,0.0,0.0
2023-09-30,0.0,0.0,0.0,0.0,0.0,0.0
2023-10-01,0.0,-0.6516467928886414,0.0,0.0,0.0,0.0
2023-10-02,0.0,0.0,0.0,0.0,0.0,0.0
2023-10-03,0.0,0.0,-0.6117736101150513,0.0,0.0,0.0
2023-10-04,0.0,0.0,0.0,-0.8054806590080261,0.0,0.0
2023-10-05,0.0,0.0,0.0,0.6099416613578796,0.0,0.0
2023-10-06,0.0,0.0,0.0,0.0,0.0,0.0
2023-10-07,0.0,0.0,0.0,0.0,0.0,0.0
2023-10-08,0.0,0.0,0.0,0.0,0.0,0.0
2023-10-09,0.0,0.0,0.0,-0.8291385173797607,0.0,0.0
2023-10-10,0.0,0.0,0.0,-0.6760785579681396,0.0,0.0
2023-10-11,0.0,0.0,0.0,0.0,0.0,0.0
2023-10-12,0.0,0.0,0.0,-0.6383504271507263,0.0,0.0
2023-10-13,0.0,0.6155439019203186,0.0,0.6290500164031982,0.0,0.0
2023-10-14,0.0,0.0,0.0,0.6290500164031982,0.0,0.0
2023-10-15,0.0,-0.6642603278160095,0.0,0.6290500164031982,0.0,0.0
2023-10-16,0.0,0.7958981394767761,0.0,0.7102943062782288,0.0,0.0
2023-10-17,0.0,0.5920066833496094,0.0,0.0,0.0,0.0
2023-10-18,0.0,0.0,0.0,0.0,0.0,0.0
2023-10-19,0.0,0.0,0.0,0.0,0.0,0.0
2023-10-20,0.0,0.0,0.0,-0.6072009205818176,0.0,0.0
2023-10-21,0.0,0.0,0.0,-0.6072009205818176,0.0,0.0
2023-10-22,0.0,-0.5199499726295471,0.0,0.0,0.0,0.0
2023-10-23,0.0,0.0,0.0,0.0,0.0,0.0
2023-10-24,0.0,0.0,-0.6193654537200928,0.0,0.0,0.0
2023-10-25,0.0,0.0,0.0,-0.629116952419281,0.0,0.0
2023-10-26,0.0,0.0,-0.6967548727989197,-0.629116952419281,0.0,0.0
2023-10-27,0.0,-0.6841342449188232,0.0,0.0,0.5613993406295776,0.0
2023-10-28,0.0,-0.6841342449188232,0.0,0.0,0.5613993406295776,0.0
2023-10-29,0.0,0.0,0.0,-0.5640382170677185,0.5613993406295776,0.0
2023-10-30,0.0,0.0,0.0,-0.6910194754600525,0.5613993406295776,0.0
2023-10-31,0.0,0.0,0.0,-0.5099468231201172,0.5613993406295776,0.0
2023-11-01,0.0,0.6779729127883911,-0.6002889275550842,0.0,0.5613993406295776,0.5945706367492676
2023-11-02,0.0,-0.7071986794471741,0.0,0.0,0.5613993406295776,0.5945706367492676
2023-11-03,0.0,0.0,0.0,0.0,0.0,0.5945706367492676
2023-11-04,0.0,0.0,0.0,0.0,0.0,0.0
2023-11-05,0.0,0.0,0.0,0.0,0.0,0.0
2023-11-06,0.0,0.0,-0.6039935350418091,0.0,0.0,0.0
2023-11-07,0.0,-0.7462640404701233,0.0,-0.5128687024116516,0.0,0.0
2023-11-08,0.0,0.0,-0.5777204036712646,0.0,0.0,0.0
2023-11-09,0.0,0.0,-0.5970726013183594,-0.6738770604133606,0.0,0.0
2023-11-10,0.0,0.0,0.0,0.0,-0.6857750415802002,0.0
2023-11-11,0.0,0.0,0.0,0.0,-0.6857750415802002,0.0
2023-11-12,0.0,0.0,0.0,0.0,-0.6857750415802002,0.0
2023-11-13,0.0,0.537227988243103,0.0,-0.8245772123336792,-0.6857750415802002,0.0
2023-11-14,0.0,-0.7163431644439697,-0.6430294513702393,0.0,-0.6857750415802002,0.0
2023-11-15,0.0,0.0,0.0,0.0,-0.6857750415802002,0.0
2023-11-16,0.0,0.0,-0.6814993619918823,-0.7386083602905273,-0.6857750415802002,-0.628121554851532
2023-11-17,0.0,0.0,0.0,0.0,0.0,-0.628121554851532
2023-11-18,0.0,0.0,0.0,0.0,0.0,-0.628121554851532
2023-11-19,0.0,0.4806291460990906,0.0,0.0,0.0,-0.628121554851532
2023-11-20,0.0,0.0,0.0,-0.778485894203186,0.0,0.5810355544090271
2023-11-21,0.0,0.0,0.0,0.0,0.0,0.5810355544090271
2023-11-22,0.0,-0.6878381371498108,0.0,-0.5558187365531921,0.0,0.5810355544090271
2023-11-23,0.0,0.0,-0.5827650427818298,0.0,0.0,0.0
2023-11-24,0.0,0.0,0.0,0.0,-0.5145225524902344,0.0
2023-11-25,0.0,0.0,0.0,0.0,-0.5145225524902344,0.0
2023-11-26,0.0,0.0,0.0,-0.7326321005821228,-0.5145225524902344,0.0
2023-11-27,0.0,0.0,0.0,0.0,-0.5145225524902344,0.0
2023-11-28,0.0,0.6398754715919495,0.0,-0.635048508644104,-0.5145225524902344,0.0
2023-11-29,0.0,0.0,0.0,0.0,-0.5145225524902344,0.0
2023-11-30,0.0,-0.5417137145996094,0.0,-0.5833790302276611,-0.5145225524902344,-0.5766147375106812
2023-12-01,0.0,0.0,-0.5520821809768677,0.0,0.0,0.0
2023-12-02,0.0,0.0,-0.5520821809768677,0.0,0.0,0.0
2023-12-03,0.0,-0.5236014127731323,0.0,0.0,0.0,0.0
2023-12-04,0.0,0.0,-0.5527006387710571,0.0,0.0,0.0
2023-12-05,0.0,0.0,0.0,0.0,0.0,0.0
2023-12-06,0.0,-0.501379132270813,-0.6819934248924255,0.0,0.0,0.0
2023-12-07,0.0,0.0,0.0,0.0,0.0,0.0
2023-12-08,0.0,0.0,0.0,0.0,0.0,0.0
2023-12-09,0.0,0.0,0.0,0.0,0.0,0.0
2023-12-10,0.0,0.0,0.0,0.0,0.0,0.0
2023-12-11,0.0,0.0,0.0,0.0,0.0,0.0
2023-12-12,0.0,0.0,0.0,-0.5041499733924866,0.0,0.0
2023-12-13,0.0,0.0,0.0,0.0,0.0,0.0
2023-12-14,0.0,0.0,-0.5538410544395447,-0.5054293274879456,0.0,0.0
2023-12-15,0.0,0.0,-0.5145179629325867,-0.5054607391357422,0.0,0.0
2023-12-16,0.0,0.0,-0.5145179629325867,-0.5054607391357422,0.0,0.0
2023-12-17,0.0,0.0,-0.5145179629325867,-0.5054607391357422,0.0,0.0
2023-12-18,0.0,0.0,0.0,-0.5414401888847351,0.0,0.6989189982414246
2023-12-19,0.0,0.0,0.0,0.0,0.0,0.6989189982414246
2023-12-20,0.0,0.0,0.0,0.0,0.0,0.6989189982414246
2023-12-21,0.0,0.0,0.0,0.0,0.0,0.6989189982414246
2023-12-22,0.0,0.0,0.0,0.0,0.0,0.6989189982414246
2023-12-23,0.0,0.0,0.0,0.0,0.0,0.6989189982414246
2023-12-24,0.0,0.0,0.0,0.0,0.0,0.6989189982414246
2023-12-25,0.0,0.0,0.0,0.0,0.0,0.6989189982414246
2023-12-26,0.0,0.0,-0.7918113470077515,0.0,0.0,0.6989189982414246
2023-12-27,0.0,-0.5305189490318298,0.0,0.0,0.0,0.6989189982414246
2023-12-28,0.0,0.0,0.0,0.0,0.0,-0.8221356272697449
2023-12-29,0.0,-0.6216983795166016,-0.5501300096511841,0.0,0.0,0.0
2023-12-30,0.0,-0.6216983795166016,-0.5501300096511841,0.0,0.0,0.0
2023-12-31,0.0,-0.6216983795166016,-0.5501300096511841,0.0,0.0,0.0
2024-01-01,0.0,0.8535031676292419,-0.5501300096511841,0.0,0.0,0.0
2024-01-02,0.0,0.0,-0.786087691783905,-0.5845600366592407,0.0,0.0
2024-01-03,0.0,-0.7767977118492126,-0.5481058359146118,-0.5845600366592407,0.0,-0.5588347315788269
2024-01-04,0.0,0.0,-0.526287853717804,0.0,0.0,-0.5588347315788269
2024-01-05,0.0,0.9172540903091432,-0.7305778861045837,0.0,0.5077770352363586,-0.5588347315788269
2024-01-06,0.0,-0.7303768992424011,-0.7305778861045837,0.0,0.5077770352363586,-0.5588347315788269
2024-01-07,0.0,0.0,-0.7305778861045837,0.0,0.5077770352363586,-0.5588347315788269
2024-01-08,0.0,-0.5386817455291748,-0.6689904928207397,-0.6684742569923401,0.5077770352363586,-0.5588347315788269
2024-01-09,0.0,0.0,-0.547248125076294,0.0,0.5077770352363586,-0.5588347315788269
2024-01-10,0.0,-0.7444627285003662,0.0,0.0,0.5077770352363586,0.0
2024-01-11,0.0,-0.5747045874595642,0.0,0.0,0.5077770352363586,0.0
2024-01-12,0.0,0.0,-0.5550390481948853,0.0,-0.6354091763496399,0.0
2024-01-13,0.0,0.0,-0.5550390481948853,0.0,-0.6354091763496399,0.0
2024-01-14,0.0,0.0,-0.5550390481948853,0.0,-0.6354091763496399,0.0
2024-01-15,0.0,0.0,0.0,-0.647354006767273,-0.6354091763496399,0.0
2024-01-16,0.0,-0.5696948766708374,0.0,0.0,-0.6354091763496399,0.0
2024-01-17,0.0,0.0,0.0,0.0,-0.6354091763496399,0.0
2024-01-18,0.0,0.0,0.0,0.0,-0.6354091763496399,0.0
2024-01-19,0.0,0.0,0.0,-0.6680617928504944,0.0,0.0
2024-01-20,0.0,0.0,0.0,0.0,0.0,0.0
2024-01-21,0.0,0.0,0.0,-0.6677657961845398,0.0,0.0
2024-01-22,0.0,0.0,-0.5666659474372864,0.0,0.0,0.0
2024-01-23,0.0,0.0,0.0,0.0,0.0,0.0
2024-01-24,0.0,0.0,0.0,0.0,0.0,0.0
2024-01-25,0.0,0.0,0.0,0.0,0.0,-0.719063937664032
2024-01-26,0.0,0.0,0.0,-0.6152675747871399,0.0,-0.719063937664032
2024-01-27,0.0,0.0,0.0,-0.6152675747871399,0.0,-0.719063937664032
2024-01-28,0.0,0.0,0.0,-0.5459198355674744,0.0,-0.719063937664032
2024-01-29,0.0,-0.6755800843238831,0.0,0.0,0.0,0.0
2024-01-30,0.0,0.0,0.0,0.0,0.0,0.0
2024-01-31,0.0,0.0,0.0,-0.5184677839279175,0.0,0.0
2024-02-01,0.0,-0.570701003074646,-0.624591052532196,0.0,0.0,-0.5560504198074341
2024-02-02,0.0,0.6115873456001282,-0.5339996814727783,0.0,0.0,-0.753275990486145
2024-02-03,0.0,-0.5411195158958435,-0.5339996814727783,0.0,0.0,-0.753275990486145
2024-02-04,0.0,-0.5411195158958435,-0.5339996814727783,0.0,0.0,-0.753275990486145
2024-02-05,0.0,0.0,0.0,-0.6042835116386414,0.0,-0.753275990486145
2024-02-06,0.0,0.0,0.0,0.7978598475456238,0.0,-0.753275990486145
2024-02-07,0.0,0.0,0.0,0.0,0.0,-0.753275990486145
2024-02-08,0.0,-0.512156069278717,0.0,-0.5686367750167847,0.0,-0.7044826745986938
2024-02-09,0.0,-0.6851676106452942,0.0,-0.5435518622398376,-0.7215678691864014,-0.7044826745986938
2024-02-10,0.0,0.0,0.0,-0.5435518622398376,-0.7215678691864014,-0.7044826745986938
2024-02-11,0.0,0.0,0.0,0.0,-0.7215678691864014,-0.7044826745986938
2024-02-12,0.0,0.0,0.0,0.0,-0.7215678691864014,-0.7044826745986938
2024-02-13,0.0,0.0,0.0,-0.8677007555961609,-0.7215678691864014,-0.7044826745986938
2024-02-14,0.0,-0.5403953790664673,-0.7766035795211792,0.0,-0.7215678691864014,0.0
2024-02-15,0.0,-0.5910444855690002,-0.6411949992179871,0.0,-0.7215678691864014,0.0
2024-02-16,0.0,0.0,0.0,0.0,-0.6786558628082275,0.0
2024-02-17,0.0,-0.7041189074516296,0.0,0.0,-0.6786558628082275,0.0
2024-02-18,0.0,-0.7041189074516296,0.0,-0.6562190055847168,-0.6786558628082275,0.0
2024-02-19,0.0,-0.7865407466888428,0.0,-0.5743102431297302,-0.6786558628082275,0.0
2024-02-20,0.0,0.0,0.0,0.0,-0.6786558628082275,0.0
2024-02-21,0.0,-0.6051083207130432,0.0,-0.6460614800453186,-0.6786558628082275,0.0
2024-02-22,0.0,0.0,0.0,-0.5370292067527771,-0.6786558628082275,0.0
2024-02-23,0.0,0.0,-0.6259763240814209,-0.7975689172744751,0.0,0.0
2024-02-24,0.0,0.0,-0.6259763240814209,-0.7975689172744751,0.0,0.0
2024-02-25,0.0,0.7741782665252686,-0.6259763240814209,0.0,0.0,0.0
2024-02-26,-0.5507065057754517,0.0,0.0,0.0,0.0,0.0
2024-02-27,-0.5507065057754517,-0.7213809490203857,0.0,0.0,0.0,0.0
2024-02-28,-0.5507065057754517,0.0,0.0,-0.5400635004043579,0.0,0.0
2024-02-29,-0.5507065057754517,0.0,0.0,0.0,0.0,0.0
2024-03-01,-0.5507065057754517,0.0,0.0,-0.5149664282798767,0.0,0.0
2024-03-02,-0.5507065057754517,0.0,0.0,0.0,0.0,0.0
2024-03-03,-0.5507065057754517,0.0,0.0,0.0,0.0,0.0
2024-03-04,-0.5507065057754517,-0.7187662720680237,0.0,0.0,0.0,0.0
2024-03-05,-0.5507065057754517,-0.6493979692459106,0.0,0.0,0.0,0.0
2024-03-06,-0.5507065057754517,0.0,-0.5039121508598328,0.0,0.0,0.0
2024-03-07,-0.5507065057754517,0.0,-0.5289809107780457,0.0,0.0,0.0
2024-03-08,-0.5507065057754517,-0.6132572889328003,0.0,0.0,0.0,0.0
2024-03-09,-0.5507065057754517,-0.6132572889328003,0.0,-0.8024275898933411,0.0,0.0
2024-03-10,0.7061178684234619,-0.6883531212806702,0.0,0.0,0.0,0.0
2024-03-11,0.7061178684234619,0.0,0.0,0.0,0.0,0.0
2024-03-12,0.7061178684234619,0.0,0.0,-0.9105876088142396,0.0,0.0
2024-03-13,0.7061178684234619,0.0,-0.692028284072876,0.0,0.0,0.0
2024-03-14,0.7061178684234619,0.0,0.0,0.0,0.0,0.7387957572937012
2024-03-15,0.7061178684234619,0.0,-0.5060216784477234,-0.7938305139541626,0.0,0.7387957572937012
2024-03-16,0.7061178684234619,0.0,-0.5060216784477234,-0.7938305139541626,0.0,0.7387957572937012
2024-03-17,0.7061178684234619,0.0,-0.5060216784477234,-0.7938305139541626,0.0,0.7387957572937012
2024-03-18,0.7061178684234619,0.0,0.0,0.0,0.0,0.7387957572937012
2024-03-19,0.7061178684234619,-0.5526718497276306,0.0,0.0,0.0,0.7387957572937012
2024-03-20,0.7061178684234619,-0.5077319145202637,0.0,0.0,0.0,0.7387957572937012
2024-03-21,0.7061178684234619,-0.5077319145202637,0.0,0.0,0.0,0.7387957572937012
2024-03-22,0.7061178684234619,-0.7400340437889099,-0.6037954092025757,0.0,0.0,0.7387957572937012
2024-03-23,0.7061178684234619,-0.7400340437889099,-0.6037954092025757,-0.6565514206886292,0.0,0.7387957572937012
2024-03-24,0.7061178684234619,0.0,-0.6037954092025757,0.0,0.0,0.7387957572937012
2024-03-25,0.7061178684234619,0.0,-0.5071980953216553,0.0,0.0,0.7387957572937012
2024-03-26,0.7061178684234619,-0.6010506749153137,0.0,0.0,0.0,0.7387957572937012
2024-03-27,0.7061178684234619,0.0,0.0,0.0,0.0,0.7387957572937012
2024-03-28,0.0,0.0,0.0,0.0,0.0,0.7387957572937012
2024-03-29,0.0,0.0,0.0,0.0,0.0,0.7387957572937012
2024-03-30,0.0,0.0,0.0,0.0,0.0,0.7387957572937012
2024-03-31,0.0,0.0,0.0,0.0,0.0,0.7387957572937012
2024-04-01,0.0,0.0,0.0,0.5981242060661316,0.0,0.7387957572937012
2024-04-02,0.0,0.0,0.0,0.0,0.0,0.7387957572937012
2024-04-03,0.0,0.0,0.0,-0.7919765114784241,0.0,0.7387957572937012
2024-04-04,0.0,0.0,0.0,-0.7240771055221558,0.0,0.0
2024-04-05,0.0,0.0,0.0,0.9137334823608398,0.0,0.0
2024-04-06,0.0,0.0,0.0,0.9137334823608398,0.0,0.0
2024-04-07,0.0,-0.584448516368866,0.0,-0.634631335735321,0.0,0.0
2024-04-08,0.0,0.6024988889694214,0.0,-0.6603313684463501,0.0,0.0
2024-04-09,0.0,0.640163004398346,-0.7858702540397644,0.0,0.0,0.0
2024-04-10,0.0,-0.5113527774810791,0.0,-0.6571314930915833,0.0,0.0
2024-04-11,0.0,0.0,0.0,0.0,0.0,0.0
2024-04-12,0.0,0.0,0.0,-0.5723540782928467,0.0,0.0
2024-04-13,0.0,0.0,0.0,0.0,0.0,0.0
2024-04-14,0.0,-0.7740029096603394,0.0,0.0,0.0,0.0
2024-04-15,0.0,0.0,-0.5435915589332581,-0.5433974862098694,0.0,0.0
2024-04-16,0.0,-0.7223815321922302,0.0,0.0,0.0,0.0
2024-04-17,0.0,-0.5740239024162292,-0.752764880657196,-0.6940653920173645,0.0,-0.5012750625610352
2024-04-18,0.0,0.0,0.0,-0.534550666809082,0.0,-0.5012750625610352
2024-04-19,0.0,0.0,-0.5867474675178528,0.0,0.0,-0.6334325671195984
2024-04-20,0.0,0.5899391770362854,-0.5867474675178528,0.0,0.0,-0.6334325671195984
2024-04-21,0.0,-0.5975589752197266,-0.5867474675178528,0.0,0.0,-0.6334325671195984
2024-04-22,0.0,0.0,0.0,0.0,0.0,-0.6334325671195984
2024-04-23,0.0,0.0,0.0,0.0,0.0,-0.6334325671195984
2024-04-24,-0.5637785196304321,0.0,0.0,0.0,0.0,0.0
2024-04-25,-0.5637785196304321,-0.5520066618919373,0.0,0.0,0.0,0.0
2024-04-26,-0.5637785196304321,-0.5520066618919373,-0.6126890182495117,-0.4944326281547546,0.0,0.0
2024-04-27,-0.5637785196304321,-0.5520066618919373,-0.6126890182495117,-0.4944326281547546,0.0,0.0
2024-04-28,-0.5637785196304321,0.0,-0.6126890182495117,0.0,0.0,0.0
2024-04-29,0.6604887247085571,0.0,0.0,0.0,0.0,0.0
2024-04-30,0.0,-0.7188800573348999,0.0,0.0,0.0,0.0
2024-05-01,0.0,0.0,-0.6176167130470276,-0.590752899646759,0.0,0.0
2024-05-02,0.0,0.5595211982727051,0.0,-0.7055412530899048,0.0,0.0
2024-05-03,0.0,0.5595211982727051,0.0,0.0,0.0,0.0
2024-05-04,0.0,0.5595211982727051,0.0,0.0,0.0,0.0
2024-05-05,0.0,0.0,0.0,0.0,0.0,0.0
2024-05-06,0.0,0.0,0.0,0.0,0.0,0.0
2024-05-07,0.0,0.0,0.0,0.0,0.0,0.0
2024-05-08,0.0,0.0,0.0,0.0,0.0,0.0
2024-05-09,0.0,0.0,0.0,-0.48182412981987,0.0,0.0
2024-05-10,0.0,0.0,-0.617463231086731,0.0,0.0,0.0
2024-05-11,0.0,0.0,-0.617463231086731,0.0,0.0,0.0
2024-05-12,0.0,0.0,-0.617463231086731,0.0,0.0,0.0
2024-05-13,0.0,0.0,0.0,0.0,0.0,0.0
2024-05-14,0.0,0.0,-0.5270393490791321,0.0,0.0,0.0
2024-05-15,0.0,0.0,0.0,-0.7478878498077393,0.0,0.0
2024-05-16,0.0,0.0,0.0,0.0,0.0,0.0
2024-05-17,0.0,0.0,0.0,-0.6141355633735657,-0.5164391398429871,0.0
2024-05-18,0.0,0.0,0.0,-0.6141355633735657,-0.5164391398429871,0.0
2024-05-19,0.0,0.0,0.0,-0.6200996041297913,-0.5164391398429871,0.0
2024-05-20,0.0,-0.6639677882194519,-0.6184105277061462,-0.6336737275123596,-0.5164391398429871,0.0
2024-05-21,0.0,-0.5432770848274231,0.0,0.0,-0.5164391398429871,0.0
2024-05-22,0.0,-0.705462634563446,0.0,0.0,-0.5164391398429871,0.0
2024-05-23,0.0,0.0,0.0,0.0,-0.5164391398429871,0.0
2024-05-24,0.0,0.0,0.0,-0.5058084726333618,0.0,0.0
2024-05-25,0.0,0.0,0.0,-0.5130919218063354,0.0,0.0
2024-05-26,0.0,0.0,0.0,-0.5130919218063354,0.0,0.0
2024-05-27,0.0,0.0,0.0,0.0,0.0,0.0
2024-05-28,0.0,0.0,0.0,0.0,0.0,0.0
2024-05-29,0.0,0.0,-0.5746496915817261,0.0,0.0,0.0
2024-05-30,0.0,-0.6976327896118164,-0.6338019371032715,0.0,0.0,-0.6482027173042297
2024-05-31,0.0,-0.7206730246543884,0.0,-0.5496342182159424,0.0,-0.6482027173042297
2024-06-01,0.0,-0.7206730246543884,0.0,-0.5496342182159424,0.0,-0.6482027173042297
2024-06-02,0.0,0.0,0.0,0.0,0.0,-0.6482027173042297
2024-06-03,0.0,-0.5789797902107239,-0.5647407174110413,0.0,0.0,-0.549504280090332
2024-06-04,0.0,-0.5311393141746521,0.0,-0.7725092768669128,0.0,-0.549504280090332
2024-06-05,0.0,0.0,0.0,-0.7798599004745483,0.0,-0.599087119102478
2024-06-06,0.0,0.6521122455596924,0.0,-0.7798599004745483,0.0,-0.599087119102478
2024-06-07,0.0,-0.6328252553939819,0.0,0.0,0.0,0.0
2024-06-08,0.0,0.0,0.0,0.0,0.0,0.0
2024-06-09,0.0,0.0,0.0,0.0,0.0,0.0
2024-06-10,0.7555227279663086,0.0,0.0,0.0,0.0,0.0
2024-06-11,0.7555227279663086,0.7409960031509399,0.0,0.0,0.0,0.0
2024-06-12,0.7555227279663086,0.0,0.0,-0.651983916759491,0.0,0.0
2024-06-13,0.7555227279663086,0.0,0.0,0.0,0.0,0.0
2024-06-14,0.7555227279663086,-0.5654804706573486,0.0,0.0,-0.6646000146865845,0.0
2024-06-15,0.7555227279663086,-0.5654804706573486,0.0,0.0,-0.6646000146865845,0.0
2024-06-16,0.7555227279663086,0.0,0.0,0.0,-0.6646000146865845,0.0
2024-06-17,0.7555227279663086,0.0,0.0,0.0,-0.6646000146865845,0.0
2024-06-18,0.7555227279663086,0.0,0.0,0.0,-0.6646000146865845,0.0
2024-06-19,-0.5732926726341248,-0.589836835861206,0.0,-0.5781289935112,-0.6646000146865845,-0.5959729552268982
2024-06-20,-0.5732926726341248,0.0,0.0,-0.6472100019454956,-0.6646000146865845,-0.5959729552268982
2024-06-21,-0.5732926726341248,0.0,0.0,0.0,0.7647804021835327,-0.5959729552268982
2024-06-22,-0.5732926726341248,0.0,0.0,-0.5355401635169983,0.7647804021835327,-0.5959729552268982
2024-06-23,-0.5732926726341248,0.0,0.0,-0.5219278931617737,0.7647804021835327,-0.5959729552268982
2024-06-24,-0.5732926726341248,0.668644905090332,0.0,0.0,0.7647804021835327,-0.5959729552268982
2024-06-25,-0.5732926726341248,-0.5825151205062866,-0.5448538661003113,0.0,0.7647804021835327,-0.5959729552268982
2024-06-26,-0.5732926726341248,0.0,0.0,0.0,0.7647804021835327,-0.5959729552268982
2024-06-27,-0.5732926726341248,0.0,0.0,-0.6159718036651611,0.7647804021835327,0.0
2024-06-28,-0.5732926726341248,0.0,0.0,-0.7154662013053894,0.0,0.0
2024-06-29,-0.5732926726341248,0.0,0.0,-0.7154662013053894,0.0,0.0
2024-06-30,-0.5732926726341248,0.7455878853797913,0.0,-0.7157148122787476,0.0,0.0
2024-07-01,-0.5732926726341248,0.523633599281311,0.0,-0.7157148122787476,0.0,0.0
2024-07-02,-0.5732926726341248,0.0,-0.6228559017181396,-0.7917388081550598,0.0,0.0
2024-07-03,-0.5732926726341248,0.0,0.0,0.0,0.0,0.0
2024-07-04,-0.5732926726341248,0.0,0.0,-0.5770904421806335,0.0,0.0
2024-07-05,-0.5732926726341248,0.6407923102378845,0.0,-0.5983099937438965,0.0,0.0
2024-07-06,-0.5732926726341248,0.6407923102378845,0.0,-0.5983099937438965,0.0,0.0
2024-07-07,-0.5732926726341248,0.0,0.0,-0.5983099937438965,0.0,0.0
2024-07-08,-0.5732926726341248,0.0,-0.6346964836120605,0.0,0.0,0.0
2024-07-09,-0.5732926726341248,0.0,0.0,-0.8523812890052795,0.0,0.0
2024-07-10,-0.5732926726341248,0.0,0.0,0.0,0.0,0.0
2024-07-11,-0.5732926726341248,0.0,0.0,0.0,0.0,0.0
2024-07-12,-0.5732926726341248,0.0,-0.6208817958831787,0.0,-0.6454071402549744,0.0
2024-07-13,-0.5732926726341248,0.0,-0.6208817958831787,0.0,-0.6454071402549744,0.0
2024-07-14,-0.5732926726341248,-0.7109627723693848,-0.6208817958831787,0.0,-0.6454071402549744,0.0
2024-07-15,-0.5732926726341248,0.0,-0.5245908498764038,-0.606650173664093,-0.6454071402549744,0.0
2024-07-16,-0.5732926726341248,0.0,0.0,-0.606650173664093,-0.6454071402549744,0.0
2024-07-17,-0.5732926726341248,0.0,0.0,-0.606650173664093,-0.6454071402549744,0.0
2024-07-18,-0.5732926726341248,0.0,0.0,-0.5450118184089661,-0.6454071402549744,0.0
2024-07-19,-0.5732926726341248,0.0,0.0,-0.5450118184089661,0.0,0.0
2024-07-20,-0.5732926726341248,0.0,0.0,-0.5450118184089661,0.0,0.0
2024-07-21,-0.5732926726341248,-0.6265901327133179,0.0,-0.7316445112228394,0.0,0.0
2024-07-22,-0.5732926726341248,-0.6498479247093201,0.0,0.0,0.0,0.0
2024-07-23,-0.5732926726341248,-0.691738486289978,-0.5484586358070374,0.5322134494781494,0.0,0.0
2024-07-24,-0.5732926726341248,0.0,0.0,0.5322134494781494,0.0,0.0
2024-07-25,-0.5732926726341248,0.0,0.0,0.0,0.0,0.0
2024-07-26,-0.5732926726341248,-0.5526514053344727,-0.4984861612319946,0.0,0.0,0.0
2024-07-27,-0.5732926726341248,-0.5526514053344727,-0.4984861612319946,0.0,0.0,0.0
2024-07-28,-0.5732926726341248,0.0,-0.4984861612319946,0.0,0.0,0.0
2024-07-29,0.0,0.0,-0.6987597942352295,0.0,0.0,-0.7717111110687256
2024-07-30,0.0,-0.7176985144615173,0.0,0.0,0.0,0.0
2024-07-31,0.0,0.0,0.0,0.0,0.0,0.0
2024-08-01,0.0,-0.7021366357803345,0.0,0.0,0.0,0.0
2024-08-02,0.0,0.9066365957260132,-0.68473219871521,0.0,0.0,0.0
2024-08-03,0.0,-0.5652828216552734,-0.68473219871521,0.0,0.0,0.0
2024-08-04,0.0,-0.5652828216552734,-0.68473219871521,0.0,0.0,0.0
2024-08-05,0.0,0.0,-0.4952470362186432,-0.5442037582397461,0.0,0.0
2024-08-06,0.0,0.0,0.0,-0.6517502665519714,0.0,0.0
2024-08-07,0.0,0.0,0.0,0.0,0.0,0.0
2024-08-08,0.0,0.0,0.0,0.0,0.0,-0.5570607781410217
2024-08-09,0.0,0.0,0.0,0.0,0.6456516981124878,0.0
2024-08-10,0.0,0.0,0.0,0.0,0.6456516981124878,0.0
2024-08-11,0.0,0.5480945706367493,0.0,0.0,0.6456516981124878,0.0
2024-08-12,0.0,-0.5485817193984985,0.0,0.0,0.6456516981124878,0.0
2024-08-13,0.0,0.0,-0.6403589844703674,0.0,0.6456516981124878,0.0
2024-08-14,0.0,0.0,0.0,0.0,0.6456516981124878,0.0
2024-08-15,0.0,0.6045237183570862,0.0,0.0,0.6456516981124878,0.0
2024-08-16,0.0,-0.6509851217269897,-0.6479020118713379,0.0,-0.5508114695549011,0.0
2024-08-17,-0.6724693775177002,-0.6509851217269897,-0.6479020118713379,0.0,-0.5508114695549011,0.0
2024-08-18,-0.6724693775177002,0.0,-0.6479020118713379,-0.5908817648887634,-0.5508114695549011,0.0
2024-08-19,-0.6724693775177002,0.0,-0.5425085425376892,0.6306504011154175,-0.5508114695549011,0.0
2024-08-20,-0.6724693775177002,0.0,-0.6757110357284546,0.0,-0.5508114695549011,-0.5906431674957275
2024-08-21,-0.6724693775177002,0.0,0.0,0.0,-0.5508114695549011,-0.5906431674957275
2024-08-22,0.0,-0.7532610893249512,0.0,0.0,-0.5508114695549011,0.0
2024-08-23,0.0,0.0,0.0,0.0,0.0,0.0
2024-08-24,0.0,0.0,0.0,-0.8278452157974243,0.0,0.0
2024-08-25,0.0,0.0,0.0,-0.8278452157974243,0.0,0.0
2024-08-26,0.0,-0.5057795643806458,-0.633875846862793,0.0,0.0,0.0
2024-08-27,0.0,-0.6050524711608887,-0.67104172706604,-0.7504414319992065,0.0,0.0
2024-08-28,0.0,0.0,0.0,-0.7611231803894043,0.0,-0.5060135126113892
2024-08-29,0.7962698936462402,0.0,0.0,-0.7312694191932678,0.0,0.0
2024-08-30,0.7962698936462402,0.0,0.0,-0.7512161731719971,0.0,0.0
2024-08-31,0.7962698936462402,0.0,0.0,0.0,0.0,0.0
2024-09-01,0.7962698936462402,-0.5330162644386292,0.0,0.0,0.0,0.0
2024-09-02,-0.5370566248893738,-0.7376660108566284,0.0,0.5782027840614319,0.0,0.0
2024-09-03,-0.5370566248893738,-0.661744236946106,-0.7348414659500122,0.0,0.0,0.0
2024-09-04,-0.5370566248893738,-0.5050859451293945,0.0,0.0,0.0,0.0
2024-09-05,-0.5370566248893738,-0.6790569424629211,0.0,-0.7833263874053955,0.0,0.0
2024-09-06,-0.5370566248893738,-0.8289943337440491,-0.5120083093643188,-0.7833263874053955,0.0,0.0
2024-09-07,-0.5370566248893738,-0.8289943337440491,-0.5120083093643188,-0.7833263874053955,0.0,0.0
2024-09-08,-0.5370566248893738,0.0,-0.5120083093643188,-0.7833263874053955,0.0,0.0
2024-09-09,-0.5370566248893738,0.0,-0.5998914837837219,-0.7833263874053955,0.0,-0.5223540663719177
2024-09-10,-0.5370566248893738,0.0,0.0,0.0,0.0,-0.7146656513214111
2024-09-11,-0.5370566248893738,-0.5013326406478882,0.0,0.0,0.0,-0.7146656513214111
2024-09-12,-0.5370566248893738,0.0,-0.6025242805480957,-0.719537615776062,0.0,0.0
2024-09-13,-0.5370566248893738,-0.7576736211776733,-0.629341721534729,0.0,-0.6794529557228088,0.0
2024-09-14,-0.5370566248893738,-0.5982176065444946,-0.629341721534729,-0.6274040937423706,-0.6794529557228088,0.0
2024-09-15,-0.5370566248893738,0.0,-0.629341721534729,0.0,-0.6794529557228088,0.0
2024-09-16,-0.5370566248893738,0.0,-0.6865529417991638,0.0,-0.6794529557228088,0.0
2024-09-17,-0.5370566248893738,0.0,0.0,-0.7601039409637451,-0.6794529557228088,-0.6409856677055359
2024-09-18,-0.5370566248893738,0.0,-0.6196812987327576,-0.7200154066085815,-0.6794529557228088,-0.5284643173217773
2024-09-19,-0.5370566248893738,0.6402335166931152,0.0,-0.7200154066085815,-0.6794529557228088,0.0
2024-09-20,-0.5370566248893738,0.6402335166931152,-0.5870290994644165,0.0,-0.6241417527198792,0.0
2024-09-21,-0.5370566248893738,0.6402335166931152,-0.5870290994644165,0.0,-0.6241417527198792,0.0
2024-09-22,-0.5370566248893738,0.0,-0.5870290994644165,0.0,-0.6241417527198792,0.0
2024-09-23,-0.5370566248893738,0.0,0.0,-0.7594428062438965,-0.6241417527198792,0.0
2024-09-24,0.0,-0.651060163974762,0.0,0.0,-0.6241417527198792,0.0
2024-09-25,0.0,0.0,0.0,0.0,-0.6241417527198792,0.0
2024-09-26,0.0,-0.6488653421401978,0.0,-0.5990022420883179,-0.6241417527198792,0.0
2024-09-27,0.0,0.0,0.0,-0.5990022420883179,0.0,0.0
2024-09-28,0.0,0.0,0.0,-0.5990022420883179,0.0,0.0
2024-09-29,0.0,-0.6537132263183594,0.0,-0.5990022420883179,0.0,0.0
2024-09-30,0.0,-0.7105664610862732,0.0,-0.6974076628684998,0.0,0.0
2024-10-01,0.0,0.0,-0.7477381229400635,0.0,0.0,0.0
2024-10-02,0.0,0.0,0.0,-0.5639254450798035,0.0,-0.5832502841949463
2024-10-03,0.0,0.0,0.0,0.0,0.0,-0.7886224985122681
2024-10-04,0.0,0.0,0.0,-0.6003022789955139,0.0,-0.7886224985122681
2024-10-05,0.0,0.0,0.0,-0.6003022789955139,0.0,-0.7886224985122681
2024-10-06,0.0,0.6526946425437927,0.0,0.0,0.0,-0.7886224985122681
2024-10-07,0.0,0.0,0.0,0.0,0.0,0.0
2024-10-08,0.586103618144989,0.0,-0.603633463382721,-0.4960735142230987,0.0,0.0
2024-10-09,0.586103618144989,0.0,0.0,0.0,0.0,0.0
2024-10-10,0.586103618144989,0.0,0.0,0.0,0.0,0.0
